,customer_id,age,income,purchase_amount,gender,region,total_purchases,preferred_product_category,customer_loyalty_score,signup_date,last_purchase_date,customer_days,customer_segment,age_segment,clv_segment
1,2,69.0,50200.0,252.2146926448812,Male,North,27.0,Toys,14.402035805169955,2022-03-14,2022-07-03,111 days,Very New,Very Old,
4,5,60.0,112300.0,1528.118234903052,Female,West,6.0,Clothing,28.89378505717169,2021-04-21,2021-06-02,42 days,Very New,old,High
5,6,25.0,62000.0,1024.023199639328,Male,West,5.0,Home & Garden,14.360272565471144,2021-11-18,2023-07-06,595 days,Regular,young,Medium
6,7,78.0,90500.0,1283.045711614864,Female,East,27.0,Home & Garden,48.22122817562094,2022-06-11,2023-02-01,235 days,New,Very Old,Medium
7,8,38.0,81000.0,1970.645619079536,Male,East,8.0,Clothing,70.9528063576598,2021-06-26,2022-12-21,543 days,Regular,mid,High
8,9,56.0,114300.0,1540.650761920155,Female,East,9.0,Clothing,61.2402908102972,2022-11-05,2023-05-30,206 days,Very New,old,High
9,10,75.0,83600.0,880.0357663196111,Female,West,15.0,Toys,95.11081820826126,2022-07-05,2022-11-13,131 days,Very New,Very Old,Low
10,11,36.0,56300.0,903.9550051571664,Male,North,36.0,Toys,81.77778839716281,2022-06-22,2023-02-08,231 days,New,mid,Low
13,14,28.0,109600.0,1011.4076331566092,Female,East,32.0,Home & Garden,32.727519333145004,2022-07-17,2022-08-24,38 days,Very New,young,Medium
15,16,70.0,103600.0,66.59433893991556,Female,West,47.0,Health,43.90530399513951,2021-04-08,2023-05-21,773 days,Loyal,Very Old,
18,19,41.0,114500.0,275.76540158135856,Female,East,19.0,Toys,52.78742078895624,2021-06-19,2021-12-22,186 days,Very New,mid,
19,20,20.0,64900.0,217.1020953613748,Male,North,39.0,Health,59.42535671999188,2021-02-25,2022-07-25,515 days,Regular,young,
20,21,39.0,30200.0,1214.3204879170416,Female,West,6.0,Toys,56.87856826541749,2021-11-21,2022-07-27,248 days,New,mid,Medium
21,22,70.0,68400.0,1056.7290833621712,Male,South,19.0,Health,11.654836343355402,2022-10-20,2023-03-28,159 days,Very New,Very Old,Medium
22,23,19.0,29900.0,522.0965516528111,Female,West,28.0,Health,56.99873195387431,2021-09-17,2023-12-30,834 days,Loyal,young,Low
24,25,61.0,84100.0,994.6199840611685,Female,North,42.0,Electronics,66.3714165451469,2022-07-16,2023-02-22,221 days,New,old,Low
25,26,47.0,78000.0,406.1177812684593,Female,East,19.0,Clothing,42.93839966655334,2021-12-06,2023-06-28,569 days,Regular,mid,
26,27,55.0,48200.0,1311.1442625256682,Female,East,31.0,Clothing,84.87885877391554,2022-02-08,2023-08-02,540 days,Regular,old,Medium
27,28,19.0,112700.0,1566.220325644459,Female,East,11.0,Home & Garden,77.82657447937787,2022-06-16,2023-06-15,364 days,New,young,High
28,29,77.0,50000.0,1587.0978109612477,Male,South,15.0,Home & Garden,72.43820515166337,2021-06-23,2023-07-19,756 days,Loyal,Very Old,High
29,30,38.0,96300.0,1212.890264792841,Male,East,10.0,Clothing,70.07370993343022,2022-06-22,2022-09-29,99 days,Very New,mid,Medium
30,31,50.0,1000000.0,1033.0443933876477,Female,West,43.0,Clothing,56.0488039478102,2021-06-09,2023-07-15,766 days,Loyal,old,Medium
31,32,29.0,67300.0,140.7941431506819,Male,West,23.0,Electronics,6.111357612834434,2021-01-10,2022-06-15,521 days,Regular,young,
36,37,42.0,43900.0,320.51531150518207,Female,West,43.0,Clothing,92.90709148417106,2022-12-15,2023-12-04,354 days,New,mid,
37,38,66.0,37700.0,1781.3617042943745,Male,North,20.0,Electronics,24.94512669524324,2021-12-10,2022-06-08,180 days,Very New,Very Old,High
39,40,76.0,55200.0,1536.3414976851216,Male,West,22.0,Electronics,96.30407827356228,2022-01-08,2022-01-30,22 days,Very New,Very Old,High
40,41,59.0,72200.0,30.701748871886345,Male,South,15.0,Health,300.0,2022-03-11,2022-03-26,15 days,Very New,old,
41,42,45.0,116800.0,22.66561649399613,Male,South,39.0,Toys,1.4086412162869988,2021-02-15,2023-08-12,908 days,Very Old,mid,
42,43,77.0,111100.0,768.6395241791525,Male,South,10.0,Toys,90.6107599861874,2022-12-30,2023-02-02,34 days,Very New,Very Old,Low
43,44,33.0,97400.0,303.92283262156724,Male,South,21.0,Clothing,22.664729883307032,2021-02-24,2022-03-19,388 days,New,young,
44,45,32.0,71000.0,56.40456146016263,Female,West,29.0,Health,70.59325391660634,2021-03-19,2023-08-25,889 days,Very Old,young,
45,46,79.0,117700.0,938.8520450209191,Male,North,32.0,Home & Garden,55.30731073672155,2022-05-06,2023-06-11,401 days,New,Very Old,Low
50,51,61.0,98100.0,517.1386052570322,Male,South,23.0,Health,65.19126067329519,2021-04-21,2023-09-07,869 days,Very Old,old,Low
51,52,72.0,81600.0,1307.841992671251,Male,North,31.0,Health,29.057922890466227,2021-01-15,2022-04-07,447 days,Regular,Very Old,Medium
52,53,69.0,106300.0,440.4212690880447,Female,West,4.0,Toys,97.39502076577608,2021-03-19,2022-12-10,631 days,Regular,Very Old,
56,57,68.0,55000.0,1993.880252806924,Male,West,2.0,Clothing,30.615929246613128,2021-10-02,2022-07-05,276 days,New,Very Old,High
57,58,24.0,105700.0,383.235754277454,Male,West,4.0,Electronics,14.85874276214022,2022-05-09,2023-07-25,442 days,Regular,young,
58,59,38.0,45300.0,200000.0,Male,North,1.0,Electronics,42.2823362889921,2021-07-16,2023-10-10,816 days,Loyal,mid,VIP
59,60,26.0,26000.0,834.5216513969269,Male,East,15.0,Health,96.4222278087278,2022-01-11,2023-09-05,602 days,Regular,young,Low
60,61,56.0,107600.0,270.24511636322086,Male,West,33.0,Clothing,41.143057638713,2021-03-04,2022-10-23,598 days,Regular,old,
61,62,35.0,37200.0,75.13093700327852,Female,South,6.0,Electronics,34.73337657310635,2021-12-27,2023-06-22,542 days,Regular,mid,
65,66,31.0,89600.0,975.7726766923304,Female,South,1.0,Electronics,84.96746181346077,2021-07-13,2023-02-09,576 days,Regular,young,Low
69,70,43.0,115500.0,995.346030339192,Female,North,26.0,Toys,96.63334338056436,2021-10-28,2023-02-07,467 days,Regular,mid,Low
70,71,70.0,77900.0,1274.1552456794116,Male,West,44.0,Clothing,15.658137617896385,2022-07-22,2022-10-05,75 days,Very New,Very Old,Medium
71,72,19.0,37000.0,1614.9413088805927,Female,South,12.0,Home & Garden,18.630961750245024,2022-11-03,2023-11-11,373 days,New,young,High
72,73,37.0,65900.0,807.8106676029056,Male,North,22.0,Home & Garden,92.68163539283984,2022-05-11,2022-08-13,94 days,Very New,mid,Low
73,74,45.0,78300.0,1615.8382237178157,Female,West,13.0,Home & Garden,70.56876464523825,2021-05-29,2021-12-28,213 days,Very New,mid,High
76,77,24.0,65000.0,68.87463130467754,Female,West,22.0,Clothing,5.626994421471054,2021-10-19,2021-10-19,0 days,Very New,young,
77,78,61.0,42200.0,738.2521287903211,Male,West,30.0,Health,43.26715339176942,2021-12-01,2023-12-11,740 days,Loyal,old,Low
78,79,78.0,90200.0,1102.4587300267528,Male,West,44.0,Home & Garden,77.7901494487037,2022-11-30,2023-04-22,143 days,Very New,Very Old,Medium
79,80,25.0,58800.0,1682.844297362907,Male,South,20.0,Clothing,55.39720545861272,2021-07-03,2023-02-24,601 days,Regular,young,High
81,82,52.0,75500.0,1604.4085684134866,Female,West,27.0,Electronics,32.68201322002092,2021-09-19,2022-05-07,230 days,New,old,High
82,83,31.0,69200.0,1728.7579112131093,Female,South,38.0,Health,16.1395917744793,2021-11-06,2023-09-12,675 days,Loyal,young,High
83,84,34.0,97500.0,318.3612242616509,Female,North,42.0,Health,1.311667577348441,2021-12-10,2022-07-27,229 days,New,mid,
84,85,53.0,113000.0,1706.1567522223536,Female,North,41.0,Clothing,82.13123443293455,2022-02-28,2023-05-09,435 days,Regular,old,High
85,86,67.0,97900.0,1983.0780643287285,Female,South,34.0,Health,63.66545593457879,2022-10-19,2023-09-20,336 days,New,Very Old,High
86,87,57.0,22500.0,1459.1408854755102,Male,East,39.0,Health,22.93212412876884,2022-05-29,2023-08-19,447 days,Regular,old,Medium
89,90,79.0,97000.0,1218.852876041372,Male,North,37.0,Health,53.87001860913857,2021-12-28,2023-08-28,608 days,Regular,Very Old,Medium
90,91,23.0,113500.0,629.6150363921738,Male,West,1.0,Clothing,30.01598764459783,2021-06-18,2023-12-08,903 days,Very Old,young,Low
91,92,71.0,85000.0,1678.3110514705902,Male,East,15.0,Home & Garden,26.718451717068547,2022-10-22,2023-01-07,77 days,Very New,Very Old,High
94,95,71.0,81400.0,522.1983999177958,Female,North,33.0,Electronics,58.186035068466246,2021-11-08,2023-10-04,695 days,Loyal,Very Old,Low
99,100,51.0,57700.0,272.99381252418107,Female,West,33.0,Home & Garden,18.090248745791293,2021-12-17,2022-08-21,247 days,New,old,
100,101,27.0,70500.0,895.8857355427892,Female,West,5.0,Clothing,46.19983427939485,2021-01-28,2021-06-06,129 days,Very New,young,Low
101,102,79.0,64000.0,104.09042032793565,Male,West,18.0,Electronics,3.50712794785325,2022-09-24,2022-10-18,24 days,Very New,Very Old,
102,103,53.0,76900.0,1375.5598646446333,Male,North,48.0,Toys,79.17178815635283,2021-05-13,2023-09-30,870 days,Very Old,old,Medium
103,104,31.0,48100.0,1807.3569106818047,Female,West,10.0,Clothing,88.37599988343821,2022-01-15,2023-03-09,418 days,New,young,High
105,106,65.0,99800.0,272.19155742680454,Male,East,33.0,Health,26.799502456360933,2022-06-12,2023-04-15,307 days,New,Very Old,
106,107,32.0,118700.0,270.0168514733091,Male,North,23.0,Home & Garden,12.315547398879056,2021-10-14,2023-08-10,665 days,Loyal,young,
107,108,25.0,44000.0,1630.600275002043,Male,East,40.0,Home & Garden,38.214418791988834,2021-10-11,2021-12-23,73 days,Very New,young,High
108,109,31.0,75600.0,1850.0234637141696,Male,East,5.0,Health,83.33356205052533,2022-10-11,2022-12-18,68 days,Very New,young,High
109,110,40.0,102600.0,932.1262630703084,Female,West,34.0,Toys,34.78278037861146,2021-08-15,2021-12-28,135 days,Very New,mid,Low
111,112,74.0,34600.0,650.1588419437372,Female,North,17.0,Electronics,27.42803762251319,2021-01-27,2022-04-17,445 days,Regular,Very Old,Low
114,115,38.0,78100.0,590.7381227913896,Male,West,17.0,Clothing,90.0854829977128,2021-03-30,2022-11-05,585 days,Regular,mid,Low
116,117,62.0,78800.0,1784.5761446659328,Female,South,38.0,Clothing,53.970551532663066,2021-05-02,2022-04-19,352 days,New,old,High
117,118,35.0,63600.0,46.99536733352651,Female,West,22.0,Home & Garden,14.86888723949803,2021-02-02,2022-09-06,581 days,Regular,mid,
118,119,64.0,43400.0,658.9986139987441,Female,South,15.0,Clothing,34.86444783557177,2022-08-26,2022-11-20,86 days,Very New,Very Old,Low
119,120,70.0,114000.0,1117.6262288084108,Male,North,37.0,Health,58.37402252742222,2022-11-27,2023-06-17,202 days,Very New,Very Old,Medium
121,122,43.0,105500.0,202.35553331518776,Female,East,25.0,Toys,26.867504586489964,2022-06-09,2022-12-11,185 days,Very New,mid,
122,123,42.0,33100.0,1634.2471355593088,Female,West,21.0,Clothing,12.122686934022951,2021-01-24,2023-08-23,941 days,Very Old,mid,High
123,124,77.0,84100.0,1790.9206895240443,Female,West,38.0,Clothing,55.88323175548175,2021-11-21,2023-05-21,546 days,Regular,Very Old,High
124,125,77.0,75800.0,1650.7407131804152,Male,North,2.0,Toys,17.650122251805566,2021-02-03,2022-10-11,615 days,Regular,Very Old,High
125,126,77.0,44900.0,1799.6000216799484,Female,South,27.0,Toys,61.03617693219066,2021-09-04,2021-12-15,102 days,Very New,Very Old,High
126,127,62.0,68700.0,1115.1617026955755,Female,West,49.0,Health,26.3521442483732,2021-01-19,2022-04-08,444 days,Regular,old,Medium
127,128,58.0,64700.0,1628.2710795608768,Female,East,32.0,Health,23.096300430062467,2021-01-30,2023-06-04,855 days,Very Old,old,High
128,129,46.0,111600.0,780.4044240143788,Female,North,21.0,Clothing,39.91807649888911,2021-02-18,2021-09-03,197 days,Very New,mid,Low
129,130,32.0,66500.0,1339.2103657284963,Female,North,4.0,Health,59.31917575579458,2021-06-29,2023-03-09,618 days,Regular,young,Medium
130,131,62.0,40600.0,1977.8943521505455,Female,South,44.0,Health,54.5317672949313,2022-01-05,2023-05-20,500 days,Regular,old,High
131,132,18.0,49800.0,466.9408932014723,Male,West,19.0,Clothing,24.47344772349805,2022-01-30,2023-12-27,696 days,Loyal,young,
132,133,42.0,77900.0,792.0014976563396,Female,West,2.0,Toys,89.11166744533762,2022-08-13,2023-12-10,484 days,Regular,mid,Low
133,134,24.0,23800.0,970.4938070739696,Male,North,26.0,Clothing,10.988196973520104,2022-05-11,2023-03-27,320 days,New,young,Low
134,135,26.0,47100.0,293.27066429970245,Male,East,34.0,Electronics,3.94675630743353,2022-03-07,2022-05-30,84 days,Very New,young,
135,136,41.0,87300.0,180.45644872081243,Female,West,14.0,Clothing,60.27062694061976,2021-07-26,2021-08-14,19 days,Very New,mid,
136,137,18.0,87000.0,1662.8512753168163,Male,East,15.0,Electronics,12.340716806547649,2021-02-04,2022-08-01,543 days,Regular,young,High
140,141,28.0,104000.0,150.30728616734143,Male,North,19.0,Clothing,61.74565803977604,2021-11-06,2022-04-28,173 days,Very New,young,
141,142,68.0,102000.0,1784.8100485933917,Male,East,9.0,Health,57.48052248722807,2021-10-06,2023-03-19,529 days,Regular,Very Old,High
142,143,34.0,71700.0,938.3522144608064,Female,West,7.0,Home & Garden,17.953925219959277,2021-06-01,2021-10-01,122 days,Very New,mid,Low
144,145,52.0,26000.0,963.393317054011,Male,East,13.0,Electronics,34.25235073667625,2021-08-31,2023-11-09,800 days,Loyal,old,Low
145,146,52.0,29500.0,650.2421074908477,Male,South,27.0,Clothing,95.30743222220627,2021-01-10,2021-12-11,335 days,New,old,Low
146,147,50.0,76500.0,988.2908351090877,Male,West,44.0,Clothing,24.2320231370725,2022-01-27,2023-01-05,343 days,New,old,Low
147,148,76.0,49900.0,1721.921665897515,Male,South,35.0,Clothing,47.15163713960514,2021-02-17,2022-07-23,521 days,Regular,Very Old,High
149,150,59.0,61400.0,1395.4144701641471,Male,South,15.0,Home & Garden,78.9180652439315,2021-07-23,2022-10-07,441 days,Regular,old,Medium
150,151,56.0,85100.0,742.0479389439864,Male,East,46.0,Toys,96.45152392844231,2021-06-06,2021-12-04,181 days,Very New,old,Low
151,152,75.0,42700.0,1482.241639450827,Female,East,9.0,Electronics,60.8330255146991,2021-01-26,2022-03-28,426 days,New,Very Old,Medium
153,154,45.0,111400.0,256.7327555490717,Female,North,23.0,Health,82.66497754640591,2022-11-09,2022-12-18,39 days,Very New,mid,
154,155,24.0,69700.0,1153.8328491688576,Male,West,36.0,Toys,29.14562713733706,2021-09-21,2022-09-23,367 days,New,young,Medium
155,156,26.0,102400.0,528.3521226933208,Male,South,40.0,Toys,16.47728019118859,2022-06-13,2023-02-04,236 days,New,young,Low
157,158,29.0,83000.0,863.3566627645401,Male,East,34.0,Home & Garden,63.89556635343594,2022-04-15,2023-01-07,267 days,New,young,Low
158,159,51.0,41800.0,1989.4746470890443,Female,South,19.0,Health,87.89489025953954,2021-09-11,2022-10-22,406 days,New,old,High
162,163,40.0,54200.0,1539.6476845695968,Male,East,49.0,Toys,66.45134329822682,2021-11-22,2023-07-27,612 days,Regular,mid,High
164,165,41.0,100200.0,994.2678889771532,Female,East,7.0,Toys,98.19287243501763,2021-04-28,2023-04-02,704 days,Loyal,mid,Low
165,166,54.0,99600.0,1597.0868690529426,Female,West,41.0,Home & Garden,37.46612995126337,2021-06-14,2023-11-19,888 days,Very Old,old,High
169,170,39.0,87700.0,1056.6558874691143,Male,North,15.0,Clothing,59.82018957938588,2022-01-09,2022-07-08,180 days,Very New,mid,Medium
170,171,44.0,57900.0,578.879691417607,Female,West,3.0,Electronics,38.98947642129998,2022-08-01,2023-07-22,355 days,New,mid,Low
174,175,54.0,30900.0,1310.763713813672,Female,North,8.0,Toys,69.30751129704869,2022-02-18,2022-04-12,53 days,Very New,old,Medium
175,176,64.0,55900.0,1668.1860231523003,Male,West,5.0,Toys,1.4328455452302102,2022-01-15,2022-10-15,273 days,New,Very Old,High
176,177,31.0,46900.0,1951.436596061763,Female,West,4.0,Electronics,32.4647390003876,2021-01-01,2022-09-10,617 days,Regular,young,High
177,178,20.0,83500.0,958.8453066185332,Male,North,14.0,Clothing,31.904403135366262,2021-06-16,2023-02-19,613 days,Regular,young,Low
178,179,18.0,34000.0,152.05388518278872,Male,South,16.0,Toys,74.8835285896717,2021-01-16,2022-04-03,442 days,Regular,young,
180,181,43.0,60400.0,605.4167777578059,Male,South,24.0,Clothing,63.3327132365083,2021-04-22,2022-10-25,551 days,Regular,mid,Low
181,182,72.0,109500.0,1866.4382869178528,Female,South,6.0,Electronics,68.85244021078648,2022-01-03,2023-08-19,593 days,Regular,Very Old,High
182,183,31.0,35400.0,1055.9618488423323,Female,East,31.0,Toys,65.84255441971152,2021-04-12,2021-06-29,78 days,Very New,young,Medium
184,185,44.0,109900.0,810.3502531318187,Male,West,35.0,Electronics,41.36168493493947,2022-02-10,2022-06-11,121 days,Very New,mid,Low
187,188,32.0,32100.0,324.76062937015195,Female,North,3.0,Clothing,6.370310248432631,2022-11-02,2023-02-02,92 days,Very New,young,
188,189,43.0,43800.0,1954.5227195594484,Male,North,11.0,Toys,87.58198420515261,2021-02-09,2023-07-11,882 days,Very Old,mid,High
189,190,59.0,102700.0,1098.6490094259218,Male,West,3.0,Health,82.53151430303431,2022-10-29,2023-11-11,378 days,New,old,Medium
190,191,77.0,29600.0,288.662869228713,Male,East,28.0,Electronics,34.63847170371896,2022-07-02,2023-01-15,197 days,Very New,Very Old,
192,193,68.0,86600.0,167.78409353726903,Male,West,33.0,Health,93.22276981844632,2022-05-31,2022-09-29,121 days,Very New,Very Old,
193,194,49.0,43800.0,1817.3161576914752,Female,East,48.0,Health,27.163679741209663,2022-05-12,2023-10-21,527 days,Regular,old,High
197,198,78.0,22100.0,687.8596162056231,Male,North,36.0,Home & Garden,88.39691294472976,2022-06-08,2023-06-25,382 days,New,Very Old,Low
200,201,47.0,112200.0,1470.1291242631587,Male,South,12.0,Clothing,90.7639293309544,2021-11-15,2022-03-15,120 days,Very New,mid,Medium
202,203,40.0,81700.0,1950.8563524315064,Female,East,13.0,Home & Garden,69.58696802242656,2022-08-17,2022-12-22,127 days,Very New,mid,High
203,204,56.0,53900.0,1669.7446260614151,Male,West,24.0,Health,58.63840220928984,2021-01-14,2022-04-18,459 days,Regular,old,High
204,205,62.0,57900.0,619.9746638244194,Female,East,44.0,Health,63.29886141924184,2021-02-25,2023-10-04,951 days,Very Old,old,Low
205,206,32.0,35400.0,1933.7640827731232,Female,South,32.0,Toys,80.37054240166172,2022-02-07,2022-09-25,230 days,New,young,High
206,207,60.0,79700.0,1263.676671862272,Female,West,16.0,Health,97.92330832972443,2021-12-08,2022-02-25,79 days,Very New,old,Medium
207,208,46.0,47800.0,1862.6721031768805,Male,East,32.0,Clothing,79.53253540081879,2021-07-18,2023-08-14,757 days,Loyal,mid,High
208,209,53.0,88100.0,1358.6879511124166,Female,East,45.0,Home & Garden,70.75368316269962,2022-11-09,2023-08-31,295 days,New,old,Medium
211,212,24.0,89200.0,1109.934118663822,Female,West,21.0,Home & Garden,73.5994367398703,2022-03-17,2023-02-16,336 days,New,young,Medium
212,213,76.0,36100.0,1584.2293862885665,Female,North,47.0,Clothing,77.04321954012339,2021-03-19,2022-09-30,560 days,Regular,Very Old,High
213,214,68.0,68900.0,649.6054516538632,Male,South,12.0,Health,23.10964782433119,2021-04-22,2022-06-24,428 days,Regular,Very Old,Low
214,215,39.0,43300.0,1167.8677089457003,Male,North,21.0,Clothing,90.34436965409276,2022-06-19,2023-06-22,368 days,New,mid,Medium
215,216,45.0,115300.0,704.337487281275,Female,West,21.0,Health,9.728136834686218,2022-01-10,2022-02-25,46 days,Very New,mid,Low
216,217,19.0,26700.0,1635.223421177512,Male,East,43.0,Toys,25.361205569194656,2021-04-26,2022-04-29,368 days,New,young,High
217,218,59.0,113100.0,944.121625660542,Male,West,6.0,Clothing,66.30234383244017,2021-05-22,2023-10-26,887 days,Very Old,old,Low
221,222,70.0,36100.0,1008.619833108364,Male,North,14.0,Electronics,38.79305376548721,2021-03-17,2023-02-13,698 days,Loyal,Very Old,Medium
223,224,45.0,83700.0,245.9971392330716,Male,East,1.0,Health,16.26061322873835,2021-04-10,2022-03-01,325 days,New,mid,
225,226,61.0,48800.0,1747.8570429085898,Male,East,34.0,Electronics,22.269401172941883,2022-04-13,2022-11-26,227 days,New,old,High
227,228,37.0,26000.0,1971.8945352834075,Male,South,3.0,Home & Garden,68.22006059331946,2021-10-19,2021-10-20,1 days,Very New,mid,High
228,229,47.0,75600.0,20.36932577791297,Female,North,42.0,Clothing,44.070644240973614,2021-05-05,2022-12-18,592 days,Regular,mid,
229,230,79.0,98300.0,1235.6793234213196,Female,West,6.0,Electronics,79.65909363976444,2022-06-03,2022-06-13,10 days,Very New,Very Old,Medium
230,231,28.0,69900.0,1240.5277911963028,Female,West,6.0,Health,86.14449345657881,2021-01-23,2022-04-25,457 days,Regular,young,Medium
231,232,75.0,62100.0,925.7372506223786,Female,West,20.0,Home & Garden,84.59888773872315,2021-06-11,2022-04-22,315 days,New,Very Old,Low
234,235,42.0,41900.0,841.6216634377673,Female,South,26.0,Health,65.01417346469641,2021-01-21,2021-11-13,296 days,New,mid,Low
235,236,56.0,57900.0,1466.3751054149527,Female,East,31.0,Home & Garden,32.19830872841239,2022-04-09,2022-09-30,174 days,Very New,old,Medium
237,238,50.0,64000.0,411.3256567704377,Male,South,32.0,Health,49.56643822969191,2022-05-17,2022-11-21,188 days,Very New,old,
240,241,44.0,101600.0,1060.0116691875348,Male,South,6.0,Clothing,79.66836460730265,2022-07-07,2022-12-13,159 days,Very New,mid,Medium
241,242,79.0,115000.0,240.19331972967308,Male,West,23.0,Health,19.20097765235945,2021-07-22,2022-07-17,360 days,New,Very Old,
242,243,74.0,25500.0,1738.975204746478,Female,West,28.0,Toys,28.75717488919284,2022-02-20,2022-03-15,23 days,Very New,Very Old,High
243,244,69.0,48900.0,608.7758319907751,Female,West,49.0,Toys,98.28385480194385,2022-10-02,2023-11-11,405 days,New,Very Old,Low
244,245,30.0,26300.0,341.8252151880415,Female,East,30.0,Toys,37.35485541413044,2021-05-22,2021-05-23,1 days,Very New,young,
245,246,58.0,96300.0,1357.7301930045217,Male,West,14.0,Home & Garden,78.37223574338923,2022-09-07,2023-05-18,253 days,New,old,Medium
246,247,20.0,54000.0,95.41087518665218,Male,South,37.0,Health,44.68154684192543,2021-04-17,2021-12-19,246 days,New,young,
247,248,56.0,119200.0,1247.537758450845,Female,East,32.0,Clothing,86.40959241006102,2022-06-13,2023-10-14,488 days,Regular,old,Medium
249,250,25.0,70300.0,445.534732145704,Male,North,34.0,Toys,2.291005989115935,2022-07-30,2023-05-27,301 days,New,young,
250,251,44.0,104800.0,103.08886541839588,Male,West,41.0,Electronics,29.43898859392372,2022-11-19,2023-07-08,231 days,New,mid,
251,252,26.0,45100.0,740.0178106605102,Female,West,44.0,Home & Garden,55.799231489345246,2021-10-18,2023-12-18,791 days,Loyal,young,Low
252,253,79.0,47400.0,215.21657587903425,Female,East,22.0,Home & Garden,92.61740440697538,2021-11-07,2023-04-21,530 days,Regular,Very Old,
253,254,54.0,95100.0,250.6261423532074,Male,South,31.0,Health,10.202989464149038,2022-10-30,2023-05-28,210 days,Very New,old,
255,256,68.0,53800.0,605.0264907609834,Male,East,41.0,Health,30.21767314126576,2021-02-22,2023-10-09,959 days,Very Old,Very Old,Low
256,257,59.0,41700.0,1069.3412752224128,Male,East,21.0,Electronics,88.93277820194403,2022-08-08,2023-03-25,229 days,New,old,Medium
257,258,61.0,95600.0,1363.215933295966,Female,South,16.0,Clothing,76.51696096585133,2021-07-02,2021-09-26,86 days,Very New,old,Medium
260,261,76.0,65300.0,360.73034425620034,Male,North,44.0,Toys,1.149797239729777,2021-01-13,2021-05-13,120 days,Very New,Very Old,
261,262,71.0,54100.0,1759.9631145899707,Female,West,47.0,Electronics,62.11344506719488,2022-07-13,2023-07-17,369 days,New,Very Old,High
263,264,49.0,50500.0,1742.4769091374242,Female,North,48.0,Toys,31.475649286076912,2021-10-11,2022-11-16,401 days,New,old,High
264,265,41.0,104000.0,755.6620924133513,Male,East,32.0,Home & Garden,98.55022916368355,2022-07-19,2023-04-04,259 days,New,mid,Low
266,267,69.0,104100.0,1056.8535637881291,Male,North,5.0,Toys,74.98392836454242,2021-01-08,2021-12-23,349 days,New,Very Old,Medium
267,268,66.0,77500.0,651.8645098445159,Male,East,11.0,Electronics,17.741241725123626,2021-03-13,2021-07-23,132 days,Very New,Very Old,Low
268,269,79.0,34500.0,950.4324366265188,Female,East,15.0,Clothing,1.3455257741813775,2021-04-08,2022-04-16,373 days,New,Very Old,Low
269,270,66.0,23500.0,1014.9319361173254,Female,North,29.0,Electronics,41.7562619448016,2021-03-28,2022-04-09,377 days,New,Very Old,Medium
270,271,75.0,115900.0,417.5265300182237,Male,East,45.0,Health,66.56648349426617,2021-04-11,2022-05-12,396 days,New,Very Old,
271,272,69.0,28400.0,643.7205373059285,Male,South,4.0,Health,50.65986961834594,2021-10-08,2022-12-03,421 days,New,Very Old,Low
272,273,29.0,54900.0,1586.9913060038116,Female,East,49.0,Electronics,89.0466257624391,2021-10-16,2023-04-17,548 days,Regular,young,High
277,278,66.0,118000.0,1363.412513928151,Female,East,46.0,Home & Garden,26.964786163961165,2022-01-03,2023-02-20,413 days,New,Very Old,Medium
279,280,66.0,73100.0,1975.7440874163933,Female,South,3.0,Clothing,79.33097732158208,2021-04-06,2022-10-28,570 days,Regular,Very Old,High
280,281,73.0,110200.0,664.8559080866274,Female,South,32.0,Home & Garden,82.50914607978432,2021-09-18,2023-12-23,826 days,Loyal,Very Old,Low
281,282,34.0,103900.0,800.3893726296037,Male,East,10.0,Electronics,3.329778356517199,2022-05-27,2023-12-17,569 days,Regular,mid,Low
282,283,76.0,104600.0,1214.6017084998289,Male,North,40.0,Toys,35.864559840152474,2021-05-01,2022-08-23,479 days,Regular,Very Old,Medium
283,284,66.0,43300.0,1607.3349005187838,Female,North,38.0,Home & Garden,74.98764545979597,2022-01-01,2023-10-15,652 days,Loyal,Very Old,High
284,285,19.0,81400.0,949.6469573843548,Male,South,22.0,Home & Garden,94.6381847488054,2021-11-28,2022-09-12,288 days,New,young,Low
285,286,19.0,103400.0,856.8589469021375,Male,North,14.0,Electronics,37.7818283844905,2021-02-21,2023-12-06,1018 days,Very Old,young,Low
287,288,71.0,90600.0,40.77740945709,Male,East,21.0,Clothing,39.37204065321951,2021-11-14,2022-12-30,411 days,New,Very Old,
288,289,40.0,102000.0,1792.2292719254667,Male,North,48.0,Electronics,17.94946272426481,2022-11-06,2023-03-25,139 days,Very New,mid,High
289,290,54.0,114800.0,315.29883536068013,Male,East,15.0,Health,0.3446143776869692,2022-12-03,2022-12-09,6 days,Very New,old,
291,292,50.0,28000.0,1243.50448849567,Female,South,1.0,Toys,37.84750507273715,2022-08-20,2023-02-04,168 days,Very New,old,Medium
292,293,18.0,42500.0,696.8576252862223,Male,East,24.0,Electronics,94.5117528887336,2021-07-13,2022-08-08,391 days,New,young,Low
294,295,79.0,22100.0,45.55631140236412,Male,South,10.0,Toys,38.22307080175047,2021-01-21,2023-05-20,849 days,Loyal,Very Old,
295,296,19.0,45300.0,468.8474911083489,Male,East,46.0,Clothing,2.515412982311316,2022-02-03,2023-12-18,683 days,Loyal,young,
297,298,61.0,39800.0,716.053674898402,Male,North,42.0,Home & Garden,91.51412362549868,2021-07-21,2023-03-14,601 days,Regular,old,Low
298,299,43.0,49400.0,1228.5474407302888,Female,West,31.0,Clothing,23.78206472764919,2022-04-11,2022-05-25,44 days,Very New,mid,Medium
299,300,49.0,35100.0,67.73818294916032,Male,West,11.0,Electronics,42.89951106401645,2021-05-31,2022-03-06,279 days,New,old,
300,301,23.0,76700.0,250.5886823537908,Male,East,16.0,Home & Garden,12.211262136599398,2021-06-08,2022-08-01,419 days,New,young,
301,302,49.0,25200.0,271.6505556325097,Female,West,9.0,Toys,45.68354303128908,2021-11-06,2023-07-29,630 days,Regular,old,
302,303,72.0,114900.0,394.7816189136987,Male,East,47.0,Clothing,13.33424636440954,2022-05-19,2023-11-16,546 days,Regular,Very Old,
303,304,21.0,22900.0,929.4762527850748,Male,South,14.0,Health,52.33484944191521,2021-01-26,2022-08-12,563 days,Regular,young,Low
304,305,72.0,89000.0,15000.0,Male,East,19.0,Clothing,73.46220404322331,2021-03-07,2023-03-09,732 days,Loyal,Very Old,VIP
305,306,28.0,63700.0,1812.9668990992243,Male,East,31.0,Clothing,55.33427748141682,2021-09-20,2022-01-07,109 days,Very New,young,High
306,307,73.0,62900.0,1674.0376099628072,Female,East,9.0,Home & Garden,24.521957838737595,2022-04-17,2023-07-17,456 days,Regular,Very Old,High
307,308,76.0,33500.0,409.8379861158535,Male,West,36.0,Toys,35.37959854689051,2021-06-16,2023-11-26,893 days,Very Old,Very Old,
308,309,34.0,37100.0,893.4780934166521,Female,East,39.0,Toys,63.85727377056324,2021-06-03,2023-11-09,889 days,Very Old,mid,Low
311,312,22.0,27800.0,1017.0230233935346,Female,South,24.0,Home & Garden,84.49494735661027,2022-02-17,2023-10-12,602 days,Regular,young,Medium
313,314,51.0,87200.0,451.9851725946809,Female,South,19.0,Health,16.236922452639302,2021-07-03,2023-09-01,790 days,Loyal,old,
315,316,39.0,82500.0,942.9102594638082,Female,South,48.0,Health,96.55517746451302,2021-07-13,2022-08-02,385 days,New,mid,Low
316,317,28.0,65700.0,901.865321436187,Male,North,30.0,Electronics,28.1535111173546,2021-01-02,2023-10-19,1020 days,Very Old,young,Low
317,318,65.0,43300.0,48.84296640753222,Male,North,22.0,Home & Garden,90.8593587916376,2021-08-03,2022-10-01,424 days,New,Very Old,
319,320,50.0,21500.0,1735.259023244719,Male,North,44.0,Home & Garden,38.59214304531903,2022-08-10,2023-04-13,246 days,New,old,High
321,322,77.0,57500.0,841.9473802787477,Male,South,4.0,Clothing,0.9883287775461436,2022-04-28,2022-09-15,140 days,Very New,Very Old,Low
322,323,76.0,112600.0,48.375193616662486,Male,West,37.0,Toys,33.80895216303905,2022-07-15,2023-04-01,260 days,New,Very Old,
323,324,23.0,29600.0,967.1042537077004,Female,North,8.0,Toys,30.26457121918089,2021-02-01,2023-04-20,808 days,Loyal,young,Low
325,326,46.0,20200.0,1642.8269150702838,Male,North,28.0,Clothing,52.91235390207832,2021-01-15,2021-10-04,262 days,New,mid,High
328,329,77.0,94000.0,581.060856404414,Female,North,36.0,Electronics,59.05098088106291,2021-01-17,2023-01-27,740 days,Loyal,Very Old,Low
330,331,53.0,70100.0,1095.1363025584333,Female,East,5.0,Home & Garden,24.62047685087816,2021-03-22,2023-09-26,918 days,Very Old,old,Medium
331,332,36.0,52600.0,760.1400555566648,Male,North,24.0,Clothing,29.36121650647497,2022-10-18,2022-12-23,66 days,Very New,mid,Low
332,333,43.0,113600.0,1258.1533202143814,Male,West,47.0,Toys,60.7908947606941,2022-03-12,2023-04-11,395 days,New,mid,Medium
333,334,20.0,29900.0,44.43527119954053,Male,North,18.0,Home & Garden,37.32549590164754,2021-01-08,2021-08-13,217 days,New,young,
335,336,37.0,53000.0,1489.7412055771204,Male,East,28.0,Home & Garden,65.04382637665867,2021-10-14,2023-11-27,774 days,Loyal,mid,Medium
340,341,50.0,79100.0,1905.7823058733543,Male,South,22.0,Electronics,94.96941809192126,2021-03-24,2022-12-18,634 days,Regular,old,High
345,346,18.0,70100.0,34.52161865563694,Female,East,6.0,Electronics,24.64342807936556,2021-11-21,2022-11-04,348 days,New,young,
346,347,28.0,35900.0,71.10259786909984,Male,South,27.0,Clothing,6.395789681913955,2022-02-23,2023-10-10,594 days,Regular,young,
347,348,45.0,67300.0,1115.51546645354,Male,East,25.0,Home & Garden,53.72034865910831,2021-02-20,2023-01-18,697 days,Loyal,mid,Medium
348,349,74.0,37100.0,1050.4898202472662,Female,West,29.0,Health,84.58996459615251,2021-01-27,2021-09-30,246 days,New,Very Old,Medium
350,351,67.0,117800.0,419.646834020241,Female,North,16.0,Clothing,78.30674701590162,2022-06-29,2022-09-18,81 days,Very New,Very Old,
351,352,40.0,116900.0,531.0457797377275,Male,South,12.0,Electronics,83.63960072839957,2021-03-03,2022-10-26,602 days,Regular,mid,Low
352,353,48.0,34300.0,244.81047180604764,Male,North,20.0,Clothing,45.44035588198637,2022-10-19,2023-11-16,393 days,New,mid,
353,354,47.0,28000.0,1836.7351591144145,Male,North,18.0,Clothing,59.095506594047365,2021-06-20,2022-11-11,509 days,Regular,mid,High
354,355,59.0,68400.0,1560.0662640277324,Female,West,34.0,Home & Garden,53.391229853894,2021-10-13,2022-06-28,258 days,New,old,High
355,356,52.0,86800.0,1648.231440684558,Female,East,23.0,Electronics,93.91958616345016,2021-04-27,2023-01-03,616 days,Regular,old,High
356,357,24.0,97500.0,1807.4723001697275,Female,North,45.0,Electronics,72.55056850917613,2021-01-04,2021-04-01,87 days,Very New,young,High
357,358,77.0,85500.0,1059.30197371716,Male,West,27.0,Clothing,92.5342810770113,2021-03-07,2022-04-21,410 days,New,Very Old,Medium
358,359,33.0,70700.0,913.3625190724327,Male,West,49.0,Home & Garden,22.000997806197187,2021-03-01,2022-12-27,666 days,Loyal,young,Low
359,360,43.0,97500.0,674.1751178579207,Female,South,17.0,Toys,31.023685183267048,2022-05-17,2022-06-18,32 days,Very New,mid,Low
360,361,65.0,22600.0,1186.644936408754,Female,West,48.0,Health,7.091347318006768,2021-08-17,2022-11-29,469 days,Regular,Very Old,Medium
361,362,74.0,42700.0,919.4712256438486,Male,South,21.0,Electronics,49.99079566958077,2021-04-10,2023-05-30,780 days,Loyal,Very Old,Low
363,364,77.0,40700.0,1875.1171701876551,Male,South,31.0,Home & Garden,32.68466971307157,2021-03-10,2022-08-15,523 days,Regular,Very Old,High
364,365,66.0,38800.0,1968.3823982726776,Male,West,3.0,Clothing,12.828210694933151,2022-10-26,2023-04-21,177 days,Very New,Very Old,High
366,367,18.0,54600.0,1518.381018688918,Male,East,26.0,Electronics,44.750027252365456,2021-08-11,2021-11-26,107 days,Very New,young,High
369,370,29.0,38400.0,137.02952533379596,Male,East,28.0,Electronics,81.99798080824368,2021-07-30,2021-12-07,130 days,Very New,young,
375,376,26.0,102000.0,586.0830568669808,Female,North,29.0,Home & Garden,92.04410364836188,2021-03-04,2022-11-22,628 days,Regular,young,Low
376,377,58.0,26600.0,1351.3318293414347,Male,West,23.0,Toys,64.36327975500353,2022-01-27,2023-10-07,618 days,Regular,old,Medium
379,380,65.0,27400.0,675.6700485450166,Male,South,10.0,Toys,14.972556414619032,2021-02-22,2021-08-13,172 days,Very New,Very Old,Low
380,381,33.0,49300.0,1536.6237182132545,Male,South,27.0,Electronics,78.26629268961081,2021-02-07,2023-02-20,743 days,Loyal,young,High
381,382,20.0,44300.0,839.0837843908155,Male,West,49.0,Health,58.8110053312958,2021-11-04,2023-06-13,586 days,Regular,young,Low
383,384,41.0,108600.0,1167.6458125117106,Male,South,39.0,Clothing,33.290084618688,2021-02-22,2021-08-11,170 days,Very New,mid,Medium
385,386,73.0,53400.0,1977.3091743504992,Female,South,45.0,Home & Garden,87.4762523781461,2022-08-29,2022-09-09,11 days,Very New,Very Old,High
386,387,50.0,39500.0,102.02761586238776,Female,East,3.0,Electronics,58.12620384192929,2022-03-28,2023-12-02,614 days,Regular,old,
387,388,41.0,22400.0,1936.2494205440005,Female,South,47.0,Clothing,52.45440656650363,2022-04-06,2023-08-17,498 days,Regular,mid,High
388,389,69.0,82100.0,1108.7310731615084,Male,West,37.0,Toys,81.64480420765715,2022-05-01,2022-08-27,118 days,Very New,Very Old,Medium
389,390,28.0,95500.0,1927.054873588832,Female,East,31.0,Home & Garden,74.93351797943753,2021-05-17,2023-11-01,898 days,Very Old,young,High
392,393,53.0,27600.0,355.6181018947961,Female,North,18.0,Home & Garden,76.85001073627778,2022-01-30,2023-08-18,565 days,Regular,old,
393,394,55.0,91800.0,120.93025650443596,Female,East,35.0,Home & Garden,16.870102894024374,2021-02-06,2022-11-07,639 days,Regular,old,
395,396,37.0,38500.0,431.4111735041491,Male,North,3.0,Home & Garden,84.33026752039908,2021-05-27,2021-07-30,64 days,Very New,mid,
396,397,79.0,66800.0,1183.640096209341,Male,West,5.0,Toys,57.825384533671865,2021-01-08,2021-12-05,331 days,New,Very Old,Medium
398,399,65.0,64700.0,677.3332134367515,Male,South,28.0,Toys,48.4588083197618,2022-10-09,2023-03-31,173 days,Very New,Very Old,Low
399,400,79.0,65300.0,1567.632464945429,Male,North,19.0,Home & Garden,92.6481100711403,2022-07-25,2023-09-02,404 days,New,Very Old,High
400,401,42.0,106600.0,885.3620132475315,Male,South,28.0,Home & Garden,35.39717479788638,2022-09-27,2023-12-17,446 days,Regular,mid,Low
401,402,52.0,87200.0,1262.935921496726,Female,West,27.0,Clothing,72.45220023342928,2022-03-23,2023-04-17,390 days,New,old,Medium
402,403,42.0,70700.0,1301.966722676181,Male,North,13.0,Toys,30.09865092617835,2021-09-20,2023-08-10,689 days,Loyal,mid,Medium
405,406,63.0,68000.0,1380.845213913385,Female,West,21.0,Clothing,73.77655131092388,2021-09-16,2023-04-19,580 days,Regular,old,Medium
406,407,35.0,33200.0,1923.999297951408,Female,South,27.0,Toys,15.002417944651391,2021-11-19,2023-11-23,734 days,Loyal,mid,High
407,408,19.0,103500.0,1465.8818020285787,Female,South,46.0,Clothing,50.48020332073931,2022-06-14,2023-03-07,266 days,New,young,Medium
408,409,71.0,34400.0,989.943543901134,Male,West,6.0,Clothing,21.2321484850715,2021-10-28,2023-08-17,658 days,Loyal,Very Old,Low
409,410,52.0,88700.0,1268.82054009402,Male,East,38.0,Clothing,7.46241214191029,2022-04-30,2023-03-26,330 days,New,old,Medium
410,411,33.0,85700.0,1484.572137570954,Male,West,49.0,Electronics,61.74519819443163,2021-04-02,2021-12-08,250 days,New,young,Medium
413,414,53.0,98300.0,405.6515254207072,Female,West,41.0,Electronics,58.06458003599504,2021-12-01,2022-12-26,390 days,New,old,
415,416,21.0,89300.0,559.8482816787197,Male,North,39.0,Home & Garden,65.04833499946875,2021-08-26,2021-12-21,117 days,Very New,young,Low
416,417,50.0,113300.0,1468.4929967310452,Male,East,7.0,Home & Garden,67.31133023099542,2022-11-17,2023-12-30,408 days,New,old,Medium
417,418,31.0,94100.0,756.7980261785634,Male,North,30.0,Toys,17.892851156083587,2021-03-24,2023-03-22,728 days,Loyal,young,Low
418,419,38.0,77400.0,1053.3309697527277,Male,East,21.0,Home & Garden,49.26096788528267,2022-10-31,2022-12-13,43 days,Very New,mid,Medium
420,421,37.0,50700.0,378.8266108784249,Female,North,25.0,Electronics,47.095685239103005,2021-06-27,2023-02-10,593 days,Regular,mid,
421,422,73.0,90300.0,1915.2499877680843,Male,East,32.0,Electronics,80.08265764418772,2021-09-07,2022-01-24,139 days,Very New,Very Old,High
422,423,25.0,68800.0,1782.4733458248895,Male,South,8.0,Toys,46.06989877460983,2022-07-21,2023-04-26,279 days,New,young,High
423,424,24.0,37000.0,1311.5047195801194,Female,South,5.0,Home & Garden,6.285067825783508,2022-10-29,2023-05-19,202 days,Very New,young,Medium
424,425,20.0,87300.0,930.09630282376,Female,South,30.0,Home & Garden,90.5541661150863,2021-04-01,2021-12-05,248 days,New,young,Low
425,426,34.0,79700.0,1358.007359932543,Female,North,8.0,Toys,54.481588745197065,2021-12-05,2023-01-27,418 days,New,mid,Medium
427,428,65.0,57900.0,1145.733466097132,Male,North,19.0,Home & Garden,57.23545120276244,2021-06-18,2022-03-12,267 days,New,Very Old,Medium
428,429,29.0,83900.0,137.1706022898128,Female,West,44.0,Clothing,6.963631597506059,2021-05-19,2022-01-12,238 days,New,young,
431,432,39.0,95000.0,1988.2816761982397,Female,West,36.0,Electronics,21.43398793429756,2022-09-15,2023-04-01,198 days,Very New,mid,High
433,434,39.0,29300.0,1465.7434375551395,Male,North,27.0,Electronics,45.94415118736514,2021-06-19,2023-02-13,604 days,Regular,mid,Medium
436,437,55.0,51000.0,272.5889456513144,Male,North,37.0,Health,58.17484179481938,2021-05-18,2021-08-23,97 days,Very New,old,
437,438,55.0,25800.0,829.9885942970549,Male,West,48.0,Health,24.09520426369428,2021-01-28,2022-12-24,695 days,Loyal,old,Low
439,440,68.0,31000.0,619.6031801779095,Female,North,39.0,Clothing,12.270569933730702,2022-02-02,2023-04-11,433 days,Regular,Very Old,Low
440,441,71.0,116500.0,1467.1416541779713,Female,North,2500.0,Home & Garden,3.7300547861478175,2021-11-29,2022-02-22,85 days,Very New,Very Old,Medium
443,444,44.0,35000.0,1878.556330320877,Female,South,44.0,Health,40.69359120313467,2022-03-02,2022-09-14,196 days,Very New,mid,High
444,445,51.0,20800.0,712.7116806780919,Male,North,7.0,Home & Garden,96.19826200003398,2021-05-16,2021-08-09,85 days,Very New,old,Low
446,447,47.0,47700.0,1318.6885599348311,Female,West,27.0,Clothing,55.31767061367565,2022-10-03,2023-04-12,191 days,Very New,mid,Medium
448,449,45.0,38500.0,643.7208042231807,Male,North,35.0,Toys,92.1147137591833,2021-09-24,2022-06-18,267 days,New,mid,Low
449,450,64.0,60000.0,464.712831348272,Female,East,15.0,Toys,88.41119539004178,2021-04-17,2022-12-03,595 days,Regular,Very Old,
450,451,50.0,49200.0,156.92406408263244,Male,West,28.0,Health,9.799474202971304,2022-07-14,2023-04-12,272 days,New,old,
451,452,22.0,101900.0,1658.4475084386331,Male,South,35.0,Toys,63.42974105203304,2021-05-18,2023-02-16,639 days,Regular,young,High
452,453,77.0,42300.0,523.9902749848891,Female,East,7.0,Electronics,80.80989804935118,2022-09-07,2023-07-29,325 days,New,Very Old,Low
453,454,78.0,33600.0,956.594456619181,Male,West,46.0,Toys,83.55746895770949,2021-02-16,2022-03-23,400 days,New,Very Old,Low
454,455,65.0,40400.0,105.76424104353764,Male,North,46.0,Electronics,57.79071425018961,2022-10-27,2022-11-11,15 days,Very New,Very Old,
456,457,21.0,111200.0,674.5107845664559,Female,East,32.0,Toys,97.3712901641735,2021-01-06,2022-03-01,419 days,New,young,Low
457,458,52.0,43700.0,1494.5787211018358,Female,East,38.0,Toys,47.21967027581214,2022-06-07,2022-09-17,102 days,Very New,old,Medium
460,461,61.0,38700.0,1036.086662918431,Female,South,26.0,Home & Garden,42.415088005826654,2021-09-29,2023-04-29,577 days,Regular,old,Medium
461,462,45.0,41300.0,278.3990280821308,Male,North,39.0,Clothing,24.2180718172753,2021-03-07,2023-01-02,666 days,Loyal,mid,
462,463,47.0,84200.0,892.2675365485296,Female,South,20.0,Toys,32.73336257498298,2022-02-24,2022-03-30,34 days,Very New,mid,Low
463,464,46.0,68600.0,648.2648452925633,Female,East,18.0,Clothing,98.53576097747391,2021-12-05,2023-07-27,599 days,Regular,mid,Low
465,466,70.0,108700.0,140.6388690070255,Female,West,22.0,Toys,52.6725016473789,2022-04-14,2023-09-11,515 days,Regular,Very Old,
466,467,23.0,71600.0,1394.1544799293692,Male,West,22.0,Electronics,84.82942659752185,2021-11-27,2022-01-26,60 days,Very New,young,Medium
468,469,77.0,52700.0,651.7092471778349,Female,North,2.0,Health,32.44534216181676,2021-05-11,2022-07-27,442 days,Regular,Very Old,Low
470,471,54.0,115000.0,1817.8698769624489,Female,West,43.0,Toys,11.408631043909743,2022-12-20,2023-07-19,211 days,Very New,old,High
473,474,66.0,81100.0,651.0054159012367,Female,East,13.0,Home & Garden,91.74606572597456,2021-08-31,2022-07-24,327 days,New,Very Old,Low
474,475,63.0,69200.0,227.258421660356,Male,East,41.0,Clothing,72.56781334885183,2022-04-08,2022-12-28,264 days,New,old,
475,476,70.0,71800.0,274.62104220189394,Female,North,9.0,Health,7.461324065735719,2021-12-16,2023-09-29,652 days,Loyal,Very Old,
476,477,48.0,53300.0,1156.2241839905528,Female,South,49.0,Health,40.28956110310057,2021-01-17,2021-10-30,286 days,New,mid,Medium
478,479,77.0,96000.0,81.24314515926075,Female,West,41.0,Health,51.12067433256329,2021-12-29,2023-02-17,415 days,New,Very Old,
481,482,78.0,26800.0,268.2431914830691,Male,West,4.0,Toys,10.43350528690824,2022-06-09,2023-11-30,539 days,Regular,Very Old,
483,484,49.0,41100.0,1291.33128455775,Male,East,32.0,Toys,45.11460431137604,2022-02-24,2022-11-26,275 days,New,old,Medium
485,486,50.0,108000.0,999.1518277384076,Female,West,2.0,Clothing,73.79863822751616,2021-01-14,2022-07-06,538 days,Regular,old,Low
486,487,20.0,87900.0,260.95670731881114,Female,East,40.0,Toys,91.9934731781395,2021-02-13,2023-09-04,933 days,Very Old,young,
488,489,42.0,99100.0,645.8338140096629,Female,North,20.0,Clothing,39.55821119160967,2021-10-22,2023-06-03,589 days,Regular,mid,Low
490,491,48.0,49200.0,1620.6218669619657,Female,West,42.0,Toys,73.26719700006686,2021-04-14,2021-09-16,155 days,Very New,mid,High
492,493,75.0,97100.0,605.5801739381409,Male,South,8.0,Clothing,16.408328521615555,2021-03-03,2021-12-12,284 days,New,Very Old,Low
493,494,20.0,100300.0,526.3725290656348,Male,North,28.0,Electronics,22.136855949195358,2022-07-19,2023-04-27,282 days,New,young,Low
494,495,57.0,104800.0,668.293498292227,Female,North,46.0,Health,15.481124059682594,2022-02-16,2023-06-14,483 days,Regular,old,Low
495,496,63.0,57800.0,345.9486162082796,Female,East,21.0,Electronics,30.236903377593823,2022-09-22,2023-12-13,447 days,Regular,old,
498,499,49.0,85800.0,781.7705014847411,Female,East,8.0,Toys,52.42340378832885,2021-07-18,2022-10-27,466 days,Regular,old,Low
499,500,64.0,20300.0,883.2704575297599,Male,East,31.0,Health,26.92099191143981,2021-02-05,2022-03-27,415 days,New,Very Old,Low
500,501,39.0,99500.0,1196.217941822286,Female,South,37.0,Clothing,82.91957791369154,2021-08-04,2021-12-17,135 days,Very New,mid,Medium
501,502,40.0,21900.0,1187.5139204000643,Female,North,16.0,Home & Garden,0.6592405338939011,2022-08-09,2022-10-11,63 days,Very New,mid,Medium
502,503,19.0,24200.0,153.40620561341294,Male,West,40.0,Home & Garden,22.31149585386668,2021-11-02,2023-05-28,572 days,Regular,young,
503,504,44.0,26700.0,1666.450756948578,Male,North,42.0,Electronics,60.5240757572182,2022-07-21,2022-08-06,16 days,Very New,mid,High
504,505,59.0,105200.0,371.10657538340007,Male,East,27.0,Health,9.671050197384258,2021-01-12,2021-09-02,233 days,New,old,
505,506,19.0,109100.0,1451.6818393783444,Female,South,40.0,Toys,46.63122159459896,2021-03-24,2022-07-04,467 days,Regular,young,Medium
506,507,43.0,85100.0,1549.8885564937698,Male,South,41.0,Clothing,43.62072964823697,2021-02-01,2022-12-29,696 days,Loyal,mid,High
507,508,34.0,53400.0,1435.501077500801,Male,West,18.0,Clothing,85.25230068217637,2022-02-12,2022-10-01,231 days,New,mid,Medium
508,509,57.0,37100.0,1166.3757401772075,Male,South,35.0,Clothing,62.53971931668133,2021-03-27,2022-08-07,498 days,Regular,old,Medium
510,511,26.0,110800.0,733.543474879078,Female,North,15.0,Toys,95.1807601789166,2022-12-14,2023-04-07,114 days,Very New,young,Low
512,513,71.0,60000.0,787.1535659266266,Female,South,17.0,Clothing,65.33947321528386,2021-09-13,2022-02-16,156 days,Very New,Very Old,Low
513,514,65.0,31300.0,1729.6901919273698,Male,South,40.0,Electronics,52.20014501520542,2021-08-29,2023-03-25,573 days,Regular,Very Old,High
516,517,59.0,22600.0,546.6754323234628,Male,South,31.0,Health,98.74566169600772,2022-03-28,2022-05-15,48 days,Very New,old,Low
517,518,72.0,83000.0,678.9061205423751,Male,South,37.0,Electronics,70.50212594968588,2021-01-01,2023-09-09,981 days,Very Old,Very Old,Low
523,524,30.0,62900.0,1635.8365038398356,Male,East,17.0,Clothing,41.50454939539002,2022-11-11,2023-07-29,260 days,New,young,High
524,525,77.0,72800.0,57.51189868122206,Male,East,14.0,Toys,21.484601163625385,2021-04-29,2022-05-04,370 days,New,Very Old,
526,527,24.0,21300.0,432.6311557642966,Male,West,46.0,Electronics,21.12547308105818,2021-03-21,2022-10-16,574 days,Regular,young,
529,530,62.0,87100.0,653.0915269072359,Non-binary,East,1.0,Clothing,88.86685993238189,2021-08-07,2023-08-16,739 days,Loyal,old,Low
530,531,37.0,46200.0,133.09198347347763,Female,North,48.0,Home & Garden,46.83054873786342,2022-06-01,2023-03-24,296 days,New,mid,
533,534,63.0,36200.0,1808.3827821425205,Male,East,33.0,Home & Garden,25.721367875162848,2022-04-11,2023-11-27,595 days,Regular,old,High
536,537,29.0,75500.0,844.2003057620566,Male,North,26.0,Health,57.18099946076837,2021-02-27,2023-06-27,850 days,Loyal,young,Low
537,538,68.0,46900.0,726.0112253826218,Male,West,8.0,Clothing,69.73875615692154,2021-12-03,2022-02-06,65 days,Very New,Very Old,Low
538,539,40.0,112100.0,1825.217236287296,Female,South,34.0,Clothing,67.36986409905718,2022-05-25,2023-09-14,477 days,Regular,mid,High
540,541,45.0,108800.0,1034.1851212005622,Female,South,31.0,Clothing,77.9648205747967,2022-03-02,2023-08-10,526 days,Regular,mid,Medium
547,548,42.0,115700.0,760.4153262685536,Female,East,16.0,Home & Garden,86.3067996253491,2022-01-12,2023-09-30,626 days,Regular,mid,Low
550,551,78.0,101900.0,320.7346212265279,Male,South,20.0,Health,22.83104256251781,2022-02-09,2023-03-05,389 days,New,Very Old,
551,552,39.0,50100.0,670.5451367738809,Male,North,1.0,Toys,36.12617290703949,2022-05-07,2023-07-09,428 days,Regular,mid,Low
552,553,75.0,107500.0,127.8427737863384,Female,South,27.0,Home & Garden,2.1970570802507416,2021-03-07,2021-06-04,89 days,Very New,Very Old,
554,555,39.0,46500.0,1931.1150843205555,Male,North,12.0,Toys,41.58902132121951,2021-03-24,2021-11-18,239 days,New,mid,High
555,556,66.0,38900.0,867.8042009370023,Male,West,30.0,Electronics,78.88701098180803,2022-04-26,2022-11-22,210 days,Very New,Very Old,Low
556,557,69.0,63800.0,1271.398032676424,Male,West,9.0,Home & Garden,14.264343735650964,2021-08-17,2023-04-21,612 days,Regular,Very Old,Medium
557,558,59.0,101700.0,1457.700293502381,Male,West,37.0,Home & Garden,81.23550441003988,2021-08-13,2022-05-27,287 days,New,old,Medium
561,562,60.0,20600.0,640.2676236296085,Female,North,4.0,Toys,16.719712946813637,2022-05-27,2022-09-17,113 days,Very New,old,Low
562,563,77.0,32800.0,1279.4154722974067,Male,South,15.0,Health,47.648182878862,2021-06-22,2023-07-05,743 days,Loyal,Very Old,Medium
564,565,50.0,89700.0,33.49310184225368,Female,South,8.0,Electronics,59.61929706974873,2022-11-02,2023-10-26,358 days,New,old,
565,566,25.0,56200.0,1056.3462264335942,Male,South,23.0,Home & Garden,86.10409345262981,2021-07-24,2022-01-17,177 days,Very New,young,Medium
567,568,77.0,111400.0,1627.9136697971844,Female,North,27.0,Home & Garden,17.56438325388664,2021-11-15,2023-07-17,609 days,Regular,Very Old,High
569,570,61.0,115700.0,1594.2148748601396,Male,East,39.0,Clothing,89.15500494128707,2021-10-05,2023-07-11,644 days,Loyal,old,High
570,571,22.0,45600.0,660.9870347086388,Female,East,47.0,Home & Garden,94.10270826575749,2021-05-28,2022-08-17,446 days,Regular,young,Low
571,572,56.0,79100.0,1535.0837908336962,Female,West,8.0,Clothing,56.96301042699973,2021-03-24,2022-05-08,410 days,New,old,High
572,573,21.0,38100.0,303.4594884661621,Female,North,30.0,Clothing,50.13719345705198,2022-02-23,2022-05-10,76 days,Very New,young,
574,575,62.0,92000.0,1290.305762036289,Male,East,18.0,Health,61.630764984669405,2022-08-06,2023-05-23,290 days,New,old,Medium
575,576,49.0,33300.0,70.62820219767465,Female,North,4.0,Health,17.03047049434958,2022-07-03,2023-04-15,286 days,New,old,
576,577,69.0,49100.0,1580.1808645100446,Male,South,47.0,Toys,68.64108816231303,2022-01-27,2022-09-22,238 days,New,Very Old,High
577,578,47.0,91000.0,1808.4312480883584,Female,East,43.0,Toys,45.23511023484256,2021-05-13,2023-07-28,806 days,Loyal,mid,High
580,581,72.0,97000.0,183.16382428665744,Male,West,15.0,Electronics,76.45566325310304,2022-08-27,2023-03-18,203 days,Very New,Very Old,
581,582,57.0,61900.0,1207.9363593569108,Female,East,35.0,Electronics,83.54279612678818,2021-08-30,2021-12-08,100 days,Very New,old,Medium
582,583,69.0,101600.0,981.5807933618688,Male,North,47.0,Health,61.942155393454655,2022-03-27,2023-09-28,550 days,Regular,Very Old,Low
583,584,33.0,26500.0,1100.92859595182,Male,East,38.0,Home & Garden,74.87236352966626,2021-07-19,2021-09-01,44 days,Very New,young,Medium
585,586,67.0,76000.0,1745.2041895487698,Male,West,14.0,Electronics,61.83533789785556,2021-04-27,2022-01-08,256 days,New,Very Old,High
586,587,77.0,38100.0,1574.4656413347188,Male,East,48.0,Clothing,39.45716984632386,2021-08-07,2022-06-15,312 days,New,Very Old,High
588,589,47.0,60800.0,1825.4008847984612,Male,West,49.0,Toys,46.82709302644926,2021-08-31,2022-01-02,124 days,Very New,mid,High
591,592,73.0,98200.0,669.7569432601434,Female,South,16.0,Home & Garden,70.23145183857497,2022-11-15,2023-07-23,250 days,New,Very Old,Low
592,593,36.0,78100.0,126.46917709072709,Female,West,38.0,Clothing,78.52158751252233,2022-01-23,2022-09-03,223 days,New,mid,
593,594,45.0,47600.0,1345.3268287966816,Female,East,10.0,Health,51.27134815929952,2022-08-11,2023-05-08,270 days,New,mid,Medium
594,595,75.0,108000.0,477.9342580655918,Female,North,42.0,Health,81.30659492556687,2021-07-28,2023-10-24,818 days,Loyal,Very Old,
595,596,72.0,21100.0,502.2708292119712,Female,East,37.0,Health,49.7257237271609,2021-11-10,2023-06-17,584 days,Regular,Very Old,Low
596,597,43.0,57400.0,625.9733891329676,Male,East,26.0,Electronics,95.66343228639369,2022-09-09,2023-02-12,156 days,Very New,mid,Low
597,598,54.0,94700.0,146.09583965498314,Male,South,28.0,Clothing,75.26717486147942,2021-01-26,2022-03-21,419 days,New,old,
599,600,70.0,20200.0,30.1764626194094,Male,South,20.0,Toys,82.95844713634312,2021-05-08,2023-03-17,678 days,Loyal,Very Old,
601,602,40.0,96300.0,186.82564728758317,Male,West,14.0,Toys,98.44609579738652,2021-05-17,2021-12-24,221 days,New,mid,
602,603,26.0,58600.0,1371.652157987514,Male,East,46.0,Home & Garden,71.88190436735273,2021-11-30,2023-05-31,547 days,Regular,young,Medium
603,604,29.0,48800.0,486.5332453594638,Female,East,35.0,Clothing,8.439074657019107,2022-07-02,2023-11-27,513 days,Regular,young,
604,605,70.0,75300.0,1888.2768051896508,Female,North,29.0,Clothing,39.49604276103488,2022-01-23,2023-07-06,529 days,Regular,Very Old,High
606,607,75.0,56600.0,593.0929720370523,Male,East,18.0,Home & Garden,83.90136031598018,2021-08-18,2022-03-20,214 days,New,Very Old,Low
607,608,75.0,61900.0,1570.7666002202238,Female,South,44.0,Electronics,72.93455343297727,2022-02-25,2023-02-18,358 days,New,Very Old,High
608,609,18.0,110800.0,1610.4249112363163,Male,South,2.0,Home & Garden,36.93600706116389,2021-05-04,2021-09-09,128 days,Very New,young,High
609,610,64.0,95400.0,1973.3949659465327,Male,South,2.0,Clothing,65.3432687502629,2021-03-29,2023-11-21,967 days,Very Old,Very Old,High
610,611,51.0,118800.0,1203.723173954456,Male,South,17.0,Clothing,57.69109078983793,2021-05-21,2022-02-25,280 days,New,old,Medium
611,612,49.0,108000.0,182.29215459445115,Female,South,10.0,Clothing,12.605260895240688,2021-02-20,2021-03-02,10 days,Very New,old,
612,613,79.0,83300.0,1300.7377132742342,Female,North,18.0,Toys,23.48586929986005,2022-07-21,2022-08-02,12 days,Very New,Very Old,Medium
613,614,71.0,75100.0,1257.4599017845496,Male,North,22.0,Electronics,34.11223127143144,2022-02-09,2022-08-02,174 days,Very New,Very Old,Medium
614,615,65.0,92000.0,1283.934143292455,Male,North,19.0,Home & Garden,19.548340636350293,2021-12-03,2022-10-02,303 days,New,Very Old,Medium
620,621,33.0,75300.0,405.1793656735985,Female,South,31.0,Clothing,20.622813743015545,2021-02-14,2023-06-13,849 days,Loyal,young,
621,622,78.0,102400.0,1644.693235726323,Male,North,31.0,Electronics,47.5397371863883,2021-09-26,2021-11-27,62 days,Very New,Very Old,High
622,623,56.0,44000.0,1359.756376943298,Female,South,2.0,Electronics,51.42419679223724,2021-11-07,2022-02-16,101 days,Very New,old,Medium
623,624,22.0,73800.0,1279.3737378314706,Male,East,19.0,Clothing,20.828135862508,2022-11-03,2023-07-23,262 days,New,young,Medium
624,625,39.0,118700.0,815.5504075166605,Male,West,12.0,Health,60.85703378636506,2021-10-05,2022-10-26,386 days,New,mid,Low
625,626,46.0,71000.0,1164.0993835926429,Female,West,10.0,Health,72.29999595937491,2022-04-20,2023-12-25,614 days,Regular,mid,Medium
626,627,72.0,49600.0,629.5907680432475,Female,North,31.0,Toys,37.38400859654519,2022-07-21,2022-08-26,36 days,Very New,Very Old,Low
628,629,29.0,30500.0,1590.2647961738987,Male,West,22.0,Health,50.23019051644463,2021-08-23,2022-10-31,434 days,Regular,young,High
630,631,33.0,106700.0,1866.328068707808,Female,South,23.0,Toys,73.00109887745778,2022-12-21,2023-12-04,348 days,New,young,High
631,632,68.0,93000.0,1869.0545668355728,Male,South,15.0,Clothing,80.14530278240474,2021-05-16,2022-01-15,244 days,New,Very Old,High
634,635,74.0,78900.0,1417.1580848105834,Female,South,23.0,Toys,92.67924944093012,2022-01-29,2023-11-03,643 days,Loyal,Very Old,Medium
636,637,31.0,35300.0,301.1486335171276,Female,South,45.0,Home & Garden,26.587848538509785,2022-01-19,2022-06-30,162 days,Very New,young,
638,639,22.0,22600.0,295.70875229633685,Female,West,39.0,Clothing,69.20750919082099,2021-07-02,2023-05-24,691 days,Loyal,young,
640,641,66.0,22700.0,626.4759738373243,Female,North,18.0,Electronics,35.65754992828726,2022-03-16,2023-11-27,621 days,Regular,Very Old,Low
641,642,47.0,106600.0,665.6935479748954,Female,East,41.0,Toys,23.26244460093747,2021-03-04,2023-05-25,812 days,Loyal,mid,Low
644,645,69.0,66800.0,1727.743084655139,Female,North,36.0,Clothing,18.32933635594216,2022-10-08,2023-03-27,170 days,Very New,Very Old,High
645,646,22.0,91700.0,481.4841675438532,Female,East,15.0,Home & Garden,80.30193822993665,2021-02-03,2022-12-09,674 days,Loyal,young,
647,648,33.0,42100.0,1266.6641229784134,Male,South,5.0,Clothing,79.95125039620918,2022-04-22,2022-07-06,75 days,Very New,young,Medium
648,649,43.0,28800.0,1729.6995245708483,Male,North,39.0,Clothing,50.55411497732909,2021-03-28,2021-05-14,47 days,Very New,mid,High
649,650,43.0,28500.0,281.9301363490557,Male,East,9.0,Clothing,37.73277743022193,2021-07-29,2022-04-09,254 days,New,mid,
650,651,65.0,43400.0,1955.6281214831856,Male,West,7.0,Electronics,69.67410002096508,2022-04-07,2023-05-14,402 days,New,Very Old,High
651,652,38.0,81800.0,1173.604719159924,Male,West,41.0,Electronics,90.06272945948973,2021-03-22,2022-04-01,375 days,New,mid,Medium
652,653,56.0,89800.0,1991.0388216466924,Female,South,20.0,Electronics,32.02517303701811,2021-11-18,2023-12-21,763 days,Loyal,old,High
653,654,53.0,54600.0,1824.7991572143849,Female,South,10.0,Health,46.074813499437184,2022-02-19,2023-10-26,614 days,Regular,old,High
654,655,50.0,74000.0,458.6041987839495,Female,South,26.0,Home & Garden,22.94006266965225,2021-07-09,2023-11-27,871 days,Very Old,old,
655,656,79.0,38400.0,131.20077960855994,Male,South,4.0,Electronics,18.34094636173508,2021-08-21,2022-04-05,227 days,New,Very Old,
657,658,54.0,73400.0,1064.5760250188514,Female,North,24.0,Home & Garden,20.066411668844243,2021-06-18,2022-09-10,449 days,Regular,old,Medium
658,659,40.0,35300.0,359.7608067890762,Male,South,14.0,Electronics,79.33181713344499,2022-03-19,2022-11-11,237 days,New,mid,
659,660,75.0,104900.0,351.57029414561725,Female,South,41.0,Clothing,42.92170518402645,2021-06-17,2023-08-19,793 days,Loyal,Very Old,
660,661,27.0,41800.0,935.9352232682032,Male,East,1.0,Toys,99.50487234077158,2021-08-19,2022-08-22,368 days,New,young,Low
661,662,71.0,44300.0,85.87058291532968,Female,South,17.0,Electronics,19.73414181912893,2021-05-30,2022-08-19,446 days,Regular,Very Old,
666,667,48.0,48400.0,958.5324065779212,Female,East,9.0,Health,0.3124349647371627,2021-10-02,2022-09-10,343 days,New,mid,Low
667,668,27.0,92800.0,913.5078958647664,Male,North,43.0,Clothing,87.4771362503336,2022-09-09,2023-02-04,148 days,Very New,young,Low
671,672,49.0,99300.0,833.2043058754991,Male,South,3.0,Clothing,37.27527200671731,2021-05-30,2022-02-11,257 days,New,old,Low
672,673,18.0,114900.0,1638.8942890428823,Female,South,15.0,Clothing,74.49262251954836,2021-05-22,2023-12-11,933 days,Very Old,young,High
673,674,73.0,98700.0,1792.2120759196696,Female,South,21.0,Home & Garden,48.93531254075853,2021-04-26,2021-06-24,59 days,Very New,Very Old,High
674,675,22.0,72200.0,1709.4200890102927,Female,West,10.0,Health,15.382657672355249,2021-03-06,2022-04-25,415 days,New,young,High
677,678,33.0,70100.0,568.2025395941843,Female,South,6.0,Electronics,15.10131174271062,2022-12-07,2023-03-21,104 days,Very New,young,Low
678,679,41.0,54300.0,111.20486609031532,Male,West,2.0,Clothing,72.60807566781885,2022-03-06,2023-06-12,463 days,Regular,mid,
679,680,33.0,99700.0,1863.0316684804257,Female,South,29.0,Health,47.80183066595389,2021-06-10,2023-06-20,740 days,Loyal,young,High
680,681,72.0,71900.0,1328.3810887880024,Female,West,40.0,Health,74.86016595521598,2021-11-02,2023-07-08,613 days,Regular,Very Old,Medium
682,683,66.0,63500.0,636.9120443728133,Male,North,4.0,Clothing,43.916719055432594,2021-10-05,2022-01-20,107 days,Very New,Very Old,Low
683,684,45.0,69500.0,1694.3939741091378,Male,South,4.0,Toys,35.39108246830671,2021-10-23,2022-09-18,330 days,New,mid,High
684,685,49.0,69500.0,534.0145017427875,Female,South,29.0,Home & Garden,75.43592543561255,2022-07-05,2023-12-14,527 days,Regular,old,Low
685,686,44.0,79800.0,23.25463908265037,Female,West,37.0,Clothing,32.314120625982646,2021-06-18,2022-10-05,474 days,Regular,mid,
686,687,37.0,26900.0,765.3016257909741,Male,South,20.0,Home & Garden,78.77714800885684,2022-04-04,2022-12-05,245 days,New,mid,Low
688,689,29.0,84400.0,967.8356187717346,Male,South,23.0,Clothing,57.766917023316886,2021-01-07,2023-04-22,835 days,Loyal,young,Low
691,692,77.0,31300.0,1116.5704124547767,Female,North,49.0,Clothing,71.04198012406638,2021-05-12,2023-01-08,606 days,Regular,Very Old,Medium
693,694,50.0,112500.0,577.1581047008827,Male,South,1.0,Health,97.05422561557596,2021-12-13,2023-07-21,585 days,Regular,old,Low
696,697,60.0,52800.0,1471.0611909170254,Male,North,48.0,Electronics,10.393532297230225,2021-09-10,2023-09-25,745 days,Loyal,old,Medium
699,700,20.0,34900.0,479.0457575951584,Female,West,27.0,Toys,40.031089923111296,2021-12-21,2022-12-22,366 days,New,young,
701,702,50.0,109800.0,629.2515705118908,Female,North,5.0,Clothing,70.35850589987712,2022-07-18,2022-11-09,114 days,Very New,old,Low
702,703,57.0,74900.0,499.5058076879917,Female,West,34.0,Toys,17.873123659522705,2022-01-03,2023-07-04,547 days,Regular,old,
703,704,27.0,83100.0,164.5471139412621,Male,North,39.0,Home & Garden,36.332348357375146,2022-08-07,2022-12-24,139 days,Very New,young,
704,705,60.0,91000.0,1493.1765890884,Female,West,3.0,Home & Garden,29.130744627448777,2022-05-26,2023-10-01,493 days,Regular,old,Medium
706,707,46.0,43600.0,484.3089657947056,Male,West,24.0,Toys,16.275288621416383,2022-06-12,2023-06-29,382 days,New,mid,
708,709,29.0,94900.0,1837.324948525235,Female,South,3.0,Toys,85.75465899368449,2022-02-06,2023-12-24,686 days,Loyal,young,High
709,710,48.0,117200.0,233.8973358333269,Female,South,45.0,Electronics,51.41705467076019,2021-06-24,2021-08-01,38 days,Very New,mid,
710,711,63.0,71700.0,480.6205440058144,Female,East,7.0,Electronics,68.34966170980852,2021-03-19,2021-04-29,41 days,Very New,old,
711,712,19.0,29900.0,1505.5163722928846,Female,North,25.0,Electronics,7.524801767793288,2022-03-16,2023-05-06,416 days,New,young,High
712,713,78.0,79700.0,563.5232135440149,Female,North,3.0,Electronics,44.9005579247043,2022-07-03,2023-01-31,212 days,Very New,Very Old,Low
713,714,68.0,74400.0,1256.834669081759,Female,North,15.0,Clothing,9.489316743585196,2021-08-20,2022-11-10,447 days,Regular,Very Old,Medium
714,715,67.0,86400.0,180.70516443815475,Female,East,29.0,Home & Garden,59.94616757866569,2022-02-04,2023-06-14,495 days,Regular,Very Old,
715,716,52.0,85100.0,915.3609086250068,Male,South,29.0,Electronics,28.105437117381847,2021-08-01,2021-10-07,67 days,Very New,old,Low
716,717,40.0,49200.0,1483.4010155460471,Male,West,10.0,Home & Garden,28.7265830991748,2021-07-12,2022-02-28,231 days,New,mid,Medium
718,719,43.0,87100.0,1633.8427593380975,Female,West,23.0,Home & Garden,31.02378614407344,2022-12-02,2023-10-18,320 days,New,mid,High
719,720,25.0,116000.0,1757.3552106742743,Female,South,39.0,Toys,50.66771771070974,2021-09-24,2021-11-10,47 days,Very New,young,High
720,721,46.0,69900.0,1550.9033324923414,Female,East,9.0,Toys,58.46601031717614,2021-05-06,2023-02-09,644 days,Loyal,mid,High
721,722,43.0,70500.0,1349.7437310190735,Male,South,37.0,Home & Garden,6.666555127582329,2022-12-16,2023-12-23,372 days,New,mid,Medium
723,724,43.0,78700.0,1079.2340133506991,Male,North,14.0,Clothing,48.88757607534946,2022-06-28,2023-11-27,517 days,Regular,mid,Medium
724,725,79.0,64900.0,94.64149533140854,Female,North,4.0,Home & Garden,53.69080079142348,2022-05-17,2023-11-06,538 days,Regular,Very Old,
726,727,68.0,27900.0,655.0345584307161,Male,North,28.0,Clothing,34.222644530486654,2021-09-18,2021-12-12,85 days,Very New,Very Old,Low
728,729,24.0,92700.0,573.3017084914271,Male,East,44.0,Home & Garden,55.18101757069541,2022-02-16,2023-09-17,578 days,Regular,young,Low
729,730,21.0,87600.0,1569.3502858729812,Female,East,34.0,Electronics,94.50219175352387,2021-12-12,2022-07-30,230 days,New,young,High
730,731,75.0,27400.0,1775.2750027509671,Male,East,13.0,Health,51.78696191811312,2021-04-04,2022-02-20,322 days,New,Very Old,High
731,732,70.0,105500.0,809.3121385418667,Female,North,31.0,Home & Garden,83.19121741195065,2021-11-24,2023-06-24,577 days,Regular,Very Old,Low
732,733,67.0,116200.0,1728.5863391517582,Female,South,33.0,Clothing,75.70320544610331,2021-04-10,2021-09-24,167 days,Very New,Very Old,High
733,734,62.0,66500.0,548.8085147635381,Female,North,39.0,Electronics,51.83307870098315,2022-04-06,2023-09-24,536 days,Regular,old,Low
734,735,28.0,111200.0,1078.628627689537,Female,North,28.0,Health,64.75547776534225,2021-11-11,2023-01-14,429 days,Regular,young,Medium
735,736,46.0,29200.0,1720.3476310806338,Female,South,25.0,Home & Garden,40.66801840966585,2021-01-25,2023-06-30,886 days,Very Old,mid,High
737,738,53.0,69900.0,1909.00368485461,Female,South,9.0,Electronics,50.72857552906347,2021-12-19,2022-07-14,207 days,Very New,old,High
739,740,38.0,109400.0,56.18463805254234,Female,North,31.0,Electronics,40.998131935628265,2021-07-18,2021-09-04,48 days,Very New,mid,
740,741,78.0,118700.0,1810.1879981048176,Female,West,17.0,Home & Garden,9.976712262214004,2021-10-06,2022-08-03,301 days,New,Very Old,High
742,743,53.0,119800.0,1983.9406079760336,Female,West,13.0,Toys,68.48530033282076,2021-03-20,2022-07-30,497 days,Regular,old,High
744,745,54.0,26600.0,291.3014018719149,Female,South,16.0,Home & Garden,42.87161758478628,2021-12-20,2022-12-16,361 days,New,old,
745,746,26.0,91900.0,1084.4175588712803,Female,East,6.0,Home & Garden,7.820565691109471,2022-06-10,2023-09-11,458 days,Regular,young,Medium
746,747,41.0,84100.0,386.1421889849458,Male,East,48.0,Health,12.161898636324295,2022-06-25,2022-12-27,185 days,Very New,mid,
749,750,52.0,108700.0,463.37068383724727,Female,North,28.0,Home & Garden,90.78261449292852,2021-01-10,2022-12-15,704 days,Loyal,old,
750,751,65.0,102400.0,739.280136869821,Male,North,41.0,Health,28.165011129518536,2022-07-13,2023-07-13,365 days,New,Very Old,Low
753,754,66.0,110000.0,1619.5739784542827,Male,East,42.0,Clothing,87.120103629169,2022-06-08,2023-09-10,459 days,Regular,Very Old,High
755,756,49.0,82000.0,1083.341803189109,Male,South,17.0,Home & Garden,59.569349581356825,2021-01-06,2021-01-22,16 days,Very New,old,Medium
756,757,41.0,98100.0,1683.1955659966,Male,West,7.0,Toys,9.358913207242258,2021-02-04,2023-11-19,1018 days,Very Old,mid,High
757,758,40.0,48900.0,691.859214598308,Female,South,28.0,Home & Garden,20.2280767539376,2021-06-24,2022-11-26,520 days,Regular,mid,Low
759,760,49.0,37900.0,1987.6922712487808,Female,East,13.0,Health,74.08125915100231,2022-07-31,2023-06-29,333 days,New,old,High
760,761,54.0,63400.0,642.9652396916936,Male,West,17.0,Electronics,2.471437938848331,2021-05-27,2022-06-14,383 days,New,old,Low
762,763,66.0,119100.0,1691.7434310217172,Male,West,36.0,Health,7.080351371292171,2021-07-12,2021-12-09,150 days,Very New,Very Old,High
763,764,72.0,107500.0,1833.299015034331,Male,East,28.0,Health,37.64901953446271,2021-01-13,2022-08-02,566 days,Regular,Very Old,High
764,765,30.0,50800.0,1441.5067280614016,Male,West,15.0,Toys,8.108962832858413,2022-06-14,2023-03-01,260 days,New,young,Medium
765,766,40.0,28800.0,581.5436883659298,Female,North,46.0,Electronics,76.89678431033738,2021-09-03,2023-04-25,599 days,Regular,mid,Low
767,768,52.0,66600.0,61.10090360544913,Female,East,31.0,Clothing,88.47569102624576,2021-04-24,2023-06-09,776 days,Loyal,old,
768,769,58.0,20200.0,1526.5542357895893,Male,South,4.0,Home & Garden,53.02219865915261,2021-08-21,2022-10-31,436 days,Regular,old,High
771,772,66.0,82900.0,254.9480166595868,Male,East,27.0,Home & Garden,45.4316151878391,2022-06-22,2023-06-06,349 days,New,Very Old,
774,775,65.0,62100.0,1481.00322203411,Female,North,45.0,Health,42.13570877456068,2022-05-26,2023-07-02,402 days,New,Very Old,Medium
775,776,42.0,106000.0,295.2243662941738,Male,East,20.0,Clothing,89.24325383271642,2022-04-29,2023-05-26,392 days,New,mid,
776,777,39.0,60200.0,891.3407286316669,Male,South,29.0,Toys,11.798720832439525,2021-10-08,2023-05-08,577 days,Regular,mid,Low
780,781,66.0,26800.0,1676.1134275115662,Male,West,48.0,Toys,38.66645568020039,2022-01-27,2023-08-17,567 days,Regular,Very Old,High
781,782,53.0,106800.0,1014.8819865302758,Male,South,43.0,Clothing,88.0215624485568,2022-06-07,2023-04-03,300 days,New,old,Medium
783,784,78.0,24400.0,1609.9029765920257,Male,West,41.0,Electronics,39.27998571004826,2021-08-04,2022-06-16,316 days,New,Very Old,High
784,785,58.0,60600.0,1961.971734720878,Male,West,12.0,Home & Garden,88.6416387806375,2022-06-26,2023-02-12,231 days,New,old,High
788,789,24.0,95900.0,1905.9832435755047,Male,South,14.0,Electronics,55.73119719840234,2022-05-15,2023-11-22,556 days,Regular,young,High
790,791,31.0,88400.0,901.99680087389,Male,East,21.0,Home & Garden,26.861795709379933,2022-03-16,2022-10-19,217 days,New,young,Low
791,792,48.0,115100.0,1192.5983706762522,Female,South,1.0,Clothing,56.68143258686786,2021-10-18,2022-09-05,322 days,New,mid,Medium
792,793,69.0,115700.0,1407.8520227356385,Female,South,49.0,Clothing,80.71637664216806,2021-02-08,2021-09-12,216 days,New,Very Old,Medium
793,794,36.0,93900.0,404.6616705835668,Male,North,43.0,Electronics,56.08936438039106,2021-01-24,2023-08-31,949 days,Very Old,mid,
794,795,75.0,25500.0,905.4580437885472,Male,East,15.0,Toys,93.619154111521,2021-02-12,2023-12-16,1037 days,Very Old,Very Old,Low
795,796,64.0,103400.0,1663.0461041402243,Male,West,36.0,Health,81.03325075758356,2021-06-19,2022-10-11,479 days,Regular,Very Old,High
797,798,70.0,83400.0,834.1840530794711,Male,North,22.0,Clothing,38.89584856279373,2021-06-18,2021-07-11,23 days,Very New,Very Old,Low
798,799,22.0,116100.0,1333.457817349069,Female,North,32.0,Health,66.84854273067788,2022-06-22,2023-09-30,465 days,Regular,young,Medium
800,801,29.0,26800.0,814.9652689184551,Female,North,33.0,Health,98.77158687446708,2022-04-17,2022-09-27,163 days,Very New,young,Low
802,803,69.0,74300.0,456.6073985305631,Male,North,39.0,Clothing,57.37693055793639,2022-10-07,2023-08-06,303 days,New,Very Old,
803,804,76.0,63100.0,388.20378496368704,Male,East,23.0,Home & Garden,75.66096897379919,2021-05-23,2022-12-29,585 days,Regular,Very Old,
804,805,38.0,37800.0,1902.6209466345344,Male,North,43.0,Clothing,27.323641946394773,2022-11-07,2023-11-04,362 days,New,mid,High
805,806,53.0,78600.0,435.5973065807368,Male,West,2.0,Electronics,28.360302725963276,2021-04-11,2023-11-27,960 days,Very Old,old,
806,807,70.0,37600.0,536.6187877073328,Male,West,2.0,Home & Garden,65.43493461623233,2022-07-29,2023-11-17,476 days,Regular,Very Old,Low
809,810,74.0,116100.0,1405.2011353865855,Female,South,46.0,Electronics,34.133460083121825,2022-04-20,2023-02-04,290 days,New,Very Old,Medium
812,813,70.0,37100.0,1417.7933484284142,Female,West,7.0,Toys,62.31732430313927,2021-03-01,2022-07-25,511 days,Regular,Very Old,Medium
813,814,59.0,32700.0,1017.303446469913,Male,South,36.0,Electronics,34.75918822297629,2021-01-29,2021-05-29,120 days,Very New,old,Medium
815,816,56.0,25500.0,1026.1206029570849,Male,South,37.0,Electronics,58.44489043115127,2021-03-14,2022-10-06,571 days,Regular,old,Medium
817,818,48.0,112600.0,965.9294102710812,Female,West,36.0,Toys,61.92602137877215,2022-01-29,2023-02-13,380 days,New,mid,Low
818,819,75.0,108300.0,966.7546686405714,Female,East,23.0,Electronics,84.7058190871695,2022-04-26,2022-06-12,47 days,Very New,Very Old,Low
822,823,46.0,24700.0,911.5593179864212,Male,South,31.0,Home & Garden,28.332773861162643,2021-11-20,2022-11-15,360 days,New,mid,Low
823,824,60.0,53700.0,1071.5968027483043,Female,North,34.0,Clothing,97.81531220840392,2021-03-28,2023-06-27,821 days,Loyal,old,Medium
824,825,28.0,79200.0,1496.5209790854788,Female,North,1.0,Electronics,26.31502596023292,2021-12-25,2022-08-06,224 days,New,young,Medium
826,827,64.0,64700.0,1399.1915762452113,Male,West,40.0,Health,87.73650457130682,2021-07-16,2022-04-01,259 days,New,Very Old,Medium
827,828,29.0,69400.0,1849.6645179144523,Male,East,43.0,Clothing,8.006366266022624,2022-01-20,2022-10-05,258 days,New,young,High
828,829,26.0,88700.0,1644.2416945314578,Male,East,15.0,Health,82.06880020942519,2021-04-28,2022-07-15,443 days,Regular,young,High
829,830,27.0,42100.0,1132.4903038228465,Female,North,48.0,Health,57.100836897467,2022-05-13,2022-06-17,35 days,Very New,young,Medium
832,833,34.0,100700.0,1245.9527276012557,Female,North,44.0,Clothing,3.919683545574304,2022-08-17,2022-11-30,105 days,Very New,mid,Medium
835,836,24.0,41400.0,1112.8339948997236,Male,North,6.0,Electronics,7.120009847449815,2022-02-21,2023-01-24,337 days,New,young,Medium
836,837,63.0,103300.0,498.8396269223992,Female,West,8.0,Clothing,88.72043142578919,2022-04-12,2023-11-06,573 days,Regular,old,
838,839,57.0,72800.0,1936.130793170757,Female,North,34.0,Home & Garden,19.694117324489145,2021-12-31,2023-04-08,463 days,Regular,old,High
839,840,59.0,72800.0,1322.375458879748,Female,West,32.0,Electronics,62.04679732142539,2021-06-02,2021-06-22,20 days,Very New,old,Medium
840,841,26.0,81500.0,1137.5028530711995,Female,South,42.0,Toys,79.46795684312156,2021-09-29,2023-07-25,664 days,Loyal,young,Medium
841,842,67.0,64200.0,1867.2541185458904,Male,North,4.0,Electronics,88.95906413668648,2022-01-27,2022-12-08,315 days,New,Very Old,High
842,843,44.0,81100.0,1181.2933264541484,Male,East,44.0,Clothing,46.83069268391464,2022-07-01,2023-09-03,429 days,Regular,mid,Medium
843,844,75.0,28300.0,1061.6433864664575,Male,East,39.0,Health,89.74998774012042,2022-12-26,2023-02-22,58 days,Very New,Very Old,Medium
845,846,22.0,98300.0,1431.077925593358,Female,North,24.0,Health,68.8228042177691,2022-03-06,2022-10-25,233 days,New,young,Medium
847,848,54.0,75300.0,953.19038365676,Female,North,26.0,Clothing,23.595178919452675,2021-07-08,2023-01-30,571 days,Regular,old,Low
849,850,36.0,88900.0,768.8845401818227,Male,South,36.0,Electronics,34.20188249778702,2022-01-30,2022-12-18,322 days,New,mid,Low
851,852,65.0,84100.0,837.9526474997456,Male,North,10.0,Health,28.416280570487416,2021-08-07,2022-11-08,458 days,Regular,Very Old,Low
853,854,18.0,119300.0,836.4856448038685,Male,West,12.0,Health,47.75240359212872,2021-07-09,2021-08-01,23 days,Very New,young,Low
854,855,39.0,23400.0,163.10835619488967,Male,South,1.0,Clothing,37.504129449490186,2021-08-22,2023-02-05,532 days,Regular,mid,
856,857,34.0,57400.0,1710.2360069034016,Male,West,16.0,Electronics,19.45299749000532,2021-08-20,2022-03-11,203 days,Very New,mid,High
857,858,24.0,98700.0,1456.0684270220197,Female,South,5.0,Home & Garden,44.741145428699525,2021-12-24,2023-04-22,484 days,Regular,young,Medium
858,859,42.0,99200.0,733.5801993071402,Female,East,19.0,Home & Garden,62.46355586881762,2022-04-23,2022-10-07,167 days,Very New,mid,Low
861,862,53.0,86300.0,1100.0708741797746,Female,South,26.0,Electronics,44.32811764267336,2021-08-25,2022-01-12,140 days,Very New,old,Medium
862,863,23.0,23800.0,429.97302509840506,Female,East,49.0,Health,94.79609167513946,2021-02-02,2021-08-13,192 days,Very New,young,
863,864,77.0,42200.0,1097.0667603442355,Male,East,39.0,Health,13.465892662418522,2021-08-01,2023-11-07,828 days,Loyal,Very Old,Medium
865,866,36.0,43400.0,1700.8692615626242,Male,North,9.0,Electronics,61.76380505435449,2022-01-14,2022-04-18,94 days,Very New,mid,High
866,867,78.0,66800.0,806.5975162241102,Male,West,45.0,Home & Garden,82.00641195433708,2021-01-02,2022-04-20,473 days,Regular,Very Old,Low
871,872,27.0,45000.0,1149.4107929792103,Female,North,37.0,Clothing,87.75817725333674,2021-10-06,2022-12-20,440 days,Regular,young,Medium
872,873,43.0,37000.0,1171.4971247872177,Female,East,20.0,Home & Garden,71.458347121046,2021-08-02,2022-02-04,186 days,Very New,mid,Medium
873,874,36.0,118000.0,1435.0974369667538,Female,South,8.0,Electronics,52.42366565631603,2021-10-12,2022-08-13,305 days,New,mid,Medium
876,877,20.0,119300.0,579.0884797044594,Male,West,21.0,Clothing,48.05782526886784,2021-10-01,2023-08-17,685 days,Loyal,young,Low
877,878,62.0,99000.0,180.2883975090625,Male,South,41.0,Toys,62.07082263350591,2021-01-11,2021-04-29,108 days,Very New,old,
878,879,30.0,115400.0,1755.6953774914657,Female,East,19.0,Toys,7.922653788091982,2021-02-16,2023-04-16,789 days,Loyal,young,High
879,880,67.0,36800.0,1463.1622128869155,Female,East,29.0,Electronics,49.73513231268498,2022-05-30,2023-04-22,327 days,New,Very Old,Medium
880,881,45.0,64500.0,616.8968577284254,Male,North,31.0,Clothing,69.81576440198451,2022-10-04,2023-05-17,225 days,New,mid,Low
881,882,79.0,44400.0,1206.7585258865329,Male,South,6.0,Toys,58.407190993377,2022-03-14,2023-08-03,507 days,Regular,Very Old,Medium
883,884,37.0,34400.0,1782.6685111556264,Male,North,43.0,Home & Garden,22.34273167496692,2022-11-02,2023-06-02,212 days,Very New,mid,High
884,885,45.0,81400.0,247.5145598565824,Male,East,29.0,Health,30.967020009015958,2022-03-03,2022-07-20,139 days,Very New,mid,
887,888,58.0,106200.0,1174.5930904366812,Male,North,1.0,Toys,62.172661530888185,2021-01-22,2022-01-03,346 days,New,old,Medium
888,889,56.0,71700.0,1166.3513341856926,Female,East,44.0,Home & Garden,58.97376125562032,2022-01-24,2022-09-22,241 days,New,old,Medium
889,890,18.0,54700.0,127.93361632689606,Male,South,15.0,Home & Garden,97.04174793868636,2021-05-15,2021-05-28,13 days,Very New,young,
891,892,30.0,94700.0,1008.413914745837,Female,North,21.0,Toys,10.812260729606148,2021-08-08,2023-03-27,596 days,Regular,young,Medium
895,896,77.0,84200.0,985.0211945106448,Female,West,17.0,Clothing,82.5855420859452,2022-08-25,2023-06-20,299 days,New,Very Old,Low
897,898,42.0,37200.0,538.2671782662752,Female,West,39.0,Electronics,34.66437466405288,2021-10-25,2022-12-24,425 days,New,mid,Low
898,899,73.0,39600.0,1255.996659255086,Female,East,3.0,Health,31.885377061487585,2022-05-19,2023-12-21,581 days,Regular,Very Old,Medium
899,900,50.0,80100.0,1662.1825972819015,Male,East,30.0,Home & Garden,86.14071815541813,2022-11-16,2023-08-31,288 days,New,old,High
900,901,55.0,82100.0,396.8672106881941,Female,North,35.0,Clothing,19.673286642818034,2021-12-23,2023-08-09,594 days,Regular,old,
901,902,70.0,97400.0,1836.0967718132283,Male,West,29.0,Home & Garden,16.041770543260924,2022-03-31,2022-06-20,81 days,Very New,Very Old,High
904,905,61.0,53200.0,873.0993852568961,Male,East,28.0,Electronics,81.09308556284091,2022-12-10,2023-08-01,234 days,New,old,Low
906,907,49.0,113600.0,1455.720096667966,Female,West,26.0,Electronics,17.346199811481288,2021-02-03,2021-02-22,19 days,Very New,old,Medium
907,908,62.0,92000.0,1596.6753135619615,Male,West,7.0,Health,20.919416762862053,2021-09-05,2022-10-13,403 days,New,old,High
908,909,78.0,42800.0,1669.216036790949,Female,West,39.0,Health,61.9183778517851,2021-02-11,2021-09-28,229 days,New,Very Old,High
909,910,64.0,99000.0,1971.821134179768,Male,East,31.0,Home & Garden,24.60352262142299,2021-05-03,2021-07-20,78 days,Very New,Very Old,High
910,911,38.0,48700.0,1586.7428991434333,Male,East,5.0,Health,87.72802313513668,2021-01-27,2022-01-31,369 days,New,mid,High
913,914,38.0,5000000.0,1098.2989884472838,Female,South,14.0,Toys,8.837824596090393,2021-05-27,2022-06-19,388 days,New,mid,Medium
914,915,28.0,68500.0,101.31498212500271,Male,West,36.0,Health,84.56431203863204,2022-05-11,2023-07-12,427 days,New,young,
917,918,53.0,51800.0,59.64599486973149,Female,North,40.0,Health,33.62965412697576,2022-04-05,2022-07-15,101 days,Very New,old,
919,920,36.0,95000.0,787.1835983670782,Male,South,45.0,Clothing,56.19752393137492,2021-05-08,2021-07-24,77 days,Very New,mid,Low
920,921,37.0,57500.0,1175.1746076565014,Female,West,22.0,Electronics,53.78282791267486,2022-01-11,2023-08-26,592 days,Regular,mid,Medium
922,923,35.0,94900.0,1246.0245482384669,Male,South,15.0,Toys,34.75338626603488,2021-03-24,2023-10-01,921 days,Very Old,mid,Medium
923,924,64.0,93000.0,970.9826324068844,Female,South,49.0,Clothing,0.5896940036786757,2022-06-19,2023-10-16,484 days,Regular,Very Old,Low
924,925,58.0,70600.0,1330.1736140530666,Male,South,5.0,Home & Garden,3.503165294061683,2022-06-07,2022-10-02,117 days,Very New,old,Medium
925,926,66.0,58400.0,453.86960804818574,Male,North,4.0,Home & Garden,66.38264614225129,2022-11-30,2023-09-21,295 days,New,Very Old,
926,927,31.0,27500.0,243.4295106235704,Female,North,11.0,Home & Garden,52.32580481554814,2022-09-20,2022-12-02,73 days,Very New,young,
927,928,32.0,30600.0,1200.9392301588068,Male,South,18.0,Clothing,82.10112596512735,2022-11-05,2022-12-14,39 days,Very New,young,Medium
928,929,48.0,99300.0,979.6852435338888,Male,West,42.0,Clothing,30.04098587867969,2021-04-13,2022-09-29,534 days,Regular,mid,Low
929,930,18.0,37600.0,73.19795500897189,Male,West,49.0,Electronics,81.54722372311751,2022-06-03,2023-03-15,285 days,New,young,
931,932,71.0,110500.0,230.12865927217103,Male,North,15.0,Electronics,9.669838554633724,2022-11-15,2023-05-28,194 days,Very New,Very Old,
932,933,71.0,56800.0,1072.0865268703365,Male,South,6.0,Toys,97.79115625906942,2021-09-13,2023-05-07,601 days,Regular,Very Old,Medium
933,934,20.0,95800.0,803.6398057276529,Male,North,16.0,Home & Garden,51.19359291455199,2021-09-04,2021-10-01,27 days,Very New,young,Low
934,935,33.0,81100.0,1234.0407839839754,Male,South,47.0,Clothing,62.94785139623463,2021-07-11,2022-06-15,339 days,New,young,Medium
936,937,74.0,56100.0,613.3439940061518,Male,East,9.0,Health,36.24122522268807,2022-06-19,2022-12-19,183 days,Very New,Very Old,Low
937,938,28.0,113600.0,-10000.0,Male,West,43.0,Clothing,74.75283198621374,2021-11-10,2023-11-20,740 days,Loyal,young,
940,941,49.0,104200.0,1367.7312989869592,Male,North,13.0,Electronics,65.70008866315482,2022-03-20,2022-07-09,111 days,Very New,old,Medium
942,943,25.0,72400.0,1031.7220712292228,Male,West,27.0,Electronics,19.01258976890813,2021-07-14,2023-06-01,687 days,Loyal,young,Medium
943,944,55.0,59800.0,868.9532964070734,Male,South,9.0,Home & Garden,33.25960843959675,2021-09-15,2022-08-01,320 days,New,old,Low
944,945,29.0,74400.0,126.48828907120826,Male,North,5.0,Clothing,10.879584638095483,2022-08-05,2022-09-23,49 days,Very New,young,
945,946,41.0,88700.0,63.72997369633589,Female,North,22.0,Clothing,60.22084642482034,2021-12-26,2023-04-01,461 days,Regular,mid,
946,947,45.0,102300.0,728.763165174874,Female,South,31.0,Health,80.09376958208561,2022-07-02,2022-08-07,36 days,Very New,mid,Low
947,948,70.0,35500.0,680.6485634547114,Female,South,3.0,Health,61.083865658493366,2021-04-18,2023-04-26,738 days,Loyal,Very Old,Low
948,949,25.0,84100.0,787.6364065812334,Female,West,30.0,Health,17.9783830977044,2021-01-24,2023-04-22,818 days,Loyal,young,Low
950,951,45.0,95800.0,1481.5731756629505,Male,West,35.0,Home & Garden,83.49341485264097,2022-04-10,2022-12-31,265 days,New,mid,Medium
951,952,53.0,86700.0,1716.7895412569533,Male,South,6.0,Toys,30.27247960782191,2021-01-22,2021-09-11,232 days,New,old,High
952,953,43.0,103600.0,1878.6549780405887,Male,North,28.0,Clothing,83.26515022526404,2022-05-17,2022-07-25,69 days,Very New,mid,High
954,955,75.0,65800.0,1407.7140842683486,Male,West,42.0,Clothing,2.174080783667487,2022-05-16,2023-05-01,350 days,New,Very Old,Medium
956,957,67.0,60700.0,848.2163999651021,Female,West,25.0,Home & Garden,54.29424057977258,2022-02-11,2023-09-02,568 days,Regular,Very Old,Low
957,958,45.0,96800.0,632.6373338434798,Male,North,32.0,Toys,999.0,2021-11-26,2023-04-02,492 days,Regular,mid,Low
959,960,54.0,88900.0,1041.0395711326048,Male,South,22.0,Clothing,64.10423182678943,2021-10-13,2023-09-06,693 days,Loyal,old,Medium
961,962,53.0,111800.0,373.2638711957216,Female,West,39.0,Health,18.462720673731532,2022-01-19,2023-05-21,487 days,Regular,old,
962,963,44.0,41400.0,234.1469288552464,Male,West,30.0,Electronics,76.00358554624314,2021-01-11,2021-09-14,246 days,New,mid,
966,967,50.0,91500.0,399.6377104327276,Female,East,40.0,Electronics,9.105385030946444,2021-10-30,2022-07-10,253 days,New,old,
967,968,70.0,60400.0,1119.8846147358702,Male,West,33.0,Electronics,25.11002237065345,2021-07-23,2022-12-25,520 days,Regular,Very Old,Medium
968,969,37.0,37300.0,1176.160192737048,Female,West,25.0,Electronics,28.492980552511423,2021-12-11,2022-10-15,308 days,New,mid,Medium
970,971,45.0,64100.0,1705.7833808251185,Male,North,24.0,Health,16.088336774205892,2021-01-22,2021-03-26,63 days,Very New,mid,High
973,974,30.0,67500.0,1367.161139249794,Female,South,46.0,Clothing,49.09317308164655,2021-04-06,2021-10-11,188 days,Very New,young,Medium
974,975,63.0,31200.0,562.7583203620173,Male,West,13.0,Health,43.46945143083677,2022-03-21,2023-12-02,621 days,Regular,old,Low
975,976,52.0,28800.0,1658.796885666918,Male,East,10.0,Electronics,56.6601346950191,2021-09-20,2023-09-30,740 days,Loyal,old,High
977,978,23.0,99300.0,1582.2652322053057,Female,North,18.0,Clothing,99.00863745790824,2022-01-18,2022-09-06,231 days,New,young,High
978,979,35.0,21000.0,255.8309410358982,Male,North,32.0,Health,55.7524376194266,2022-07-04,2022-10-11,99 days,Very New,mid,
980,981,22.0,111600.0,587.2180007342756,Female,East,36.0,Electronics,58.99776046995998,2022-08-24,2023-09-25,397 days,New,young,Low
982,983,42.0,37500.0,1501.0718318648169,Male,East,16.0,Electronics,2.403769666640887,2021-04-02,2023-07-27,846 days,Loyal,mid,High
984,985,27.0,25800.0,1414.5839255952174,Male,South,18.0,Toys,1.056687207381335,2021-06-08,2023-07-10,762 days,Loyal,young,Medium
987,988,67.0,27100.0,626.4104162691372,Male,West,16.0,Electronics,23.7604496983026,2022-01-07,2022-01-31,24 days,Very New,Very Old,Low
990,991,22.0,118800.0,401.8837260054362,Female,North,1.0,Health,6.63511719879809,2021-02-06,2021-09-06,212 days,Very New,young,
992,993,73.0,90200.0,1073.801292215264,Female,East,38.0,Electronics,82.26562836884254,2022-11-22,2022-12-02,10 days,Very New,Very Old,Medium
993,994,50.0,109900.0,1646.8503081623314,Male,South,28.0,Electronics,83.6737569944919,2021-02-06,2022-01-29,357 days,New,old,High
994,995,71.0,27600.0,220.7320880903298,Female,West,45.0,Health,72.67000841845227,2021-04-11,2022-10-14,551 days,Regular,Very Old,
995,996,18.0,67100.0,1587.9448211155438,Female,South,17.0,Health,35.27450125170921,2022-06-27,2023-10-15,475 days,Regular,young,High
996,997,35.0,57300.0,1626.9125686160653,Male,South,1.0,Electronics,82.12544498888423,2021-07-09,2022-02-10,216 days,New,mid,High
997,998,49.0,92200.0,974.9025201614562,Male,East,32.0,Electronics,53.9774520242882,2022-05-27,2023-09-27,488 days,Regular,old,Low
999,1000,66.0,97400.0,365.6879054694291,Male,North,40.0,Clothing,43.72767691143904,2021-03-31,2021-06-04,65 days,Very New,Very Old,
1000,1001,28.0,46500.0,1420.704024820626,Female,North,43.0,Clothing,6.576776983457567,2021-01-06,2023-05-17,861 days,Very Old,young,Medium
1001,1002,38.0,38700.0,1429.32033108208,Female,East,46.0,Toys,94.49086867499136,2021-05-19,2022-07-13,420 days,New,mid,Medium
1002,1003,43.0,99700.0,1798.7434448319773,Male,West,24.0,Health,61.911641735184006,2021-04-05,2021-07-13,99 days,Very New,mid,High
1005,1006,76.0,104100.0,260.4015128998448,Male,West,39.0,Health,66.77499845209806,2022-01-21,2023-09-07,594 days,Regular,Very Old,
1006,1007,44.0,42100.0,1447.8420675665109,Female,South,39.0,Home & Garden,1.726098549724009,2021-05-03,2023-10-31,911 days,Very Old,mid,Medium
1007,1008,66.0,91900.0,383.8936369136443,Female,East,10.0,Clothing,52.53712797848466,2021-10-12,2022-04-17,187 days,Very New,Very Old,
1009,1010,50.0,28100.0,984.6797737053896,Male,West,25.0,Electronics,4.451885141159995,2022-11-22,2023-03-13,111 days,Very New,old,Low
1010,1011,51.0,51800.0,69.03445760077938,Female,East,10.0,Electronics,95.61656838882706,2022-05-05,2022-07-07,63 days,Very New,old,
1011,1012,58.0,47800.0,512.6616734994651,Female,West,19.0,Health,42.41596830059892,2021-11-21,2022-12-31,405 days,New,old,Low
1012,1013,52.0,43200.0,827.6214248444145,Female,South,46.0,Toys,28.989549205137124,2022-02-11,2022-05-28,106 days,Very New,old,Low
1013,1014,18.0,50500.0,573.6799106165483,Male,West,45.0,Clothing,53.18213616419428,2022-06-03,2023-10-10,494 days,Regular,young,Low
1015,1016,65.0,91700.0,1461.4642704364708,Female,South,16.0,Clothing,47.47550617686376,2021-03-18,2023-04-30,773 days,Loyal,Very Old,Medium
1016,1017,72.0,26400.0,1630.03235723261,Female,South,2.0,Electronics,64.51056765863919,2021-08-22,2023-03-05,560 days,Regular,Very Old,High
1019,1020,34.0,81600.0,783.3960575146014,Female,West,29.0,Electronics,13.803091519663656,2022-04-09,2022-05-19,40 days,Very New,mid,Low
1020,1021,22.0,40600.0,1023.2378658909256,Male,North,31.0,Home & Garden,3.8663386178099945,2021-09-28,2022-12-12,440 days,Regular,young,Medium
1022,1023,22.0,35000.0,1504.9082899687676,Female,North,10.0,Home & Garden,9999.0,2022-04-14,2022-06-12,59 days,Very New,young,High
1025,1026,70.0,56600.0,158.04446315078437,Male,East,15.0,Electronics,45.58894241342409,2022-12-20,2023-07-10,202 days,Very New,Very Old,
1026,1027,40.0,62300.0,1788.9413635942144,Male,North,44.0,Home & Garden,3.881198102684702,2021-09-27,2022-04-22,207 days,Very New,mid,High
1027,1028,54.0,47800.0,787.9118537507668,Female,West,31.0,Clothing,3.486590631702557,2022-08-28,2022-12-23,117 days,Very New,old,Low
1029,1030,54.0,35900.0,1454.8985834384123,Female,North,41.0,Toys,35.3081157400866,2021-06-26,2021-12-31,188 days,Very New,old,Medium
1031,1032,27.0,22000.0,1727.7294513586355,Male,South,45.0,Health,49.39872654301404,2022-11-22,2023-01-04,43 days,Very New,young,High
1032,1033,36.0,96500.0,645.6743394279501,Female,East,26.0,Health,36.06696643093027,2022-10-03,2023-05-26,235 days,New,mid,Low
1033,1034,34.0,28600.0,1707.3805345793146,Male,East,38.0,Toys,55.54413024408264,2022-09-29,2023-09-21,357 days,New,mid,High
1034,1035,38.0,106900.0,101.04920986120386,Male,West,36.0,Health,72.08252280828007,2021-01-27,2022-10-23,634 days,Regular,mid,
1036,1037,26.0,96200.0,1254.568006444826,Male,West,3.0,Electronics,15.70836476289097,2021-03-01,2021-11-09,253 days,New,young,Medium
1040,1041,62.0,76900.0,687.7884541873681,Female,East,41.0,Clothing,75.08303636863344,2021-09-27,2022-12-04,433 days,Regular,old,Low
1041,1042,30.0,90400.0,375.6075672513899,Female,East,27.0,Toys,22.280684240028517,2021-04-26,2022-10-08,530 days,Regular,young,
1042,1043,21.0,20400.0,577.0742312706064,Male,West,1.0,Home & Garden,99.42996338040386,2021-09-02,2023-01-27,512 days,Regular,young,Low
1043,1044,79.0,64000.0,925.999157855855,Female,South,17.0,Home & Garden,16.783152136480915,2022-10-22,2023-04-22,182 days,Very New,Very Old,Low
1044,1045,18.0,102400.0,961.2639936038552,Male,North,48.0,Toys,78.87717155654934,2022-08-27,2023-05-29,275 days,New,young,Low
1045,1046,66.0,82500.0,1570.3404580674598,Male,East,34.0,Health,70.50444718255345,2021-03-26,2022-05-31,431 days,Regular,Very Old,High
1049,1050,45.0,20400.0,246.18953441096372,Female,East,34.0,Clothing,85.23740974825584,2022-06-20,2023-01-19,213 days,Very New,mid,
1050,1051,48.0,95300.0,525.5996334532249,Male,West,40.0,Health,38.61869441194644,2021-03-30,2023-03-30,730 days,Loyal,mid,Low
1051,1052,25.0,105400.0,1659.393397734458,Female,East,25.0,Clothing,6.117988091840654,2022-07-03,2023-09-29,453 days,Regular,young,High
1052,1053,56.0,120000.0,768.4281964797832,Female,East,2.0,Toys,37.44191769022967,2022-05-22,2023-05-17,360 days,New,old,Low
1053,1054,43.0,50700.0,1962.7394864118075,Male,East,34.0,Toys,20.73126732427414,2022-02-12,2022-08-31,200 days,Very New,mid,High
1054,1055,75.0,45900.0,943.181497425114,Female,South,26.0,Clothing,93.92070170650176,2021-09-28,2023-06-29,639 days,Regular,Very Old,Low
1056,1057,71.0,75800.0,816.5679419370964,Male,South,9.0,Toys,5.083266421334864,2022-05-09,2023-11-03,543 days,Regular,Very Old,Low
1060,1061,67.0,46800.0,1104.085410438789,Male,West,29.0,Clothing,90.62964019071607,2021-12-16,2022-02-20,66 days,Very New,Very Old,Medium
1061,1062,29.0,33300.0,1888.680660509371,Female,East,25.0,Home & Garden,11.227960583907436,2021-11-24,2023-11-02,708 days,Loyal,young,High
1062,1063,18.0,84000.0,516.7628267375273,Female,West,38.0,Home & Garden,44.02900460086961,2021-10-13,2023-08-06,662 days,Loyal,young,Low
1063,1064,71.0,59500.0,219.11420952521985,Female,North,44.0,Health,93.18832818364258,2021-02-04,2023-01-22,717 days,Loyal,Very Old,
1064,1065,61.0,75600.0,798.6577404964461,Female,North,25.0,Toys,14.521168671467056,2022-06-17,2023-08-08,417 days,New,old,Low
1067,1068,47.0,77200.0,705.4698356270487,Female,South,44.0,Health,3.0058312201998505,2022-05-02,2022-11-21,203 days,Very New,mid,Low
1069,1070,74.0,66900.0,713.3933884259737,Female,North,37.0,Electronics,95.27928270829128,2022-06-08,2022-08-11,64 days,Very New,Very Old,Low
1070,1071,34.0,64700.0,1242.0947743290271,Male,North,16.0,Home & Garden,57.1092608986254,2021-05-26,2023-12-06,924 days,Very Old,mid,Medium
1075,1076,54.0,21400.0,1739.7429159339324,Female,West,20.0,Health,22.776040309328828,2021-09-29,2023-10-01,732 days,Loyal,old,High
1076,1077,38.0,100400.0,1137.98691863448,Female,North,9.0,Clothing,10.18373415997994,2022-06-18,2023-05-11,327 days,New,mid,Medium
1077,1078,31.0,110800.0,1042.922631871465,Male,East,23.0,Electronics,72.89330117180371,2022-09-22,2023-04-25,215 days,New,young,Medium
1078,1079,19.0,55500.0,583.5087569632684,Female,West,39.0,Home & Garden,18.056501667522472,2021-04-05,2023-09-22,900 days,Very Old,young,Low
1081,1082,56.0,59000.0,1376.6455362900056,Male,North,19.0,Toys,3.9570961811353778,2021-09-14,2021-12-17,94 days,Very New,old,Medium
1084,1085,51.0,46500.0,545.1129032537217,Male,West,43.0,Electronics,15.26968104465608,2022-03-12,2023-09-06,543 days,Regular,old,Low
1087,1088,51.0,39600.0,849.8896253952688,Male,South,21.0,Health,35.65657573377936,2021-01-19,2021-02-26,38 days,Very New,old,Low
1091,1092,44.0,75700.0,345.906561925158,Female,South,7.0,Electronics,96.29802480652717,2021-06-09,2021-10-10,123 days,Very New,mid,
1092,1093,68.0,46100.0,146.48193951318763,Female,West,22.0,Clothing,39.0729056209689,2021-04-10,2023-03-17,706 days,Loyal,Very Old,
1094,1095,69.0,27700.0,456.2318152714957,Male,West,23.0,Health,66.5772421060789,2021-02-18,2021-08-06,169 days,Very New,Very Old,
1095,1096,74.0,111100.0,1040.304272228866,Male,North,15.0,Toys,80.94785841221682,2022-11-08,2023-01-15,68 days,Very New,Very Old,Medium
1096,1097,55.0,21300.0,222.68682747475444,Female,West,30.0,Home & Garden,62.62149908585452,2022-02-19,2022-11-11,265 days,New,old,
1097,1098,50.0,66100.0,1508.5061596122966,Female,North,34.0,Toys,69.86102220544285,2021-02-28,2023-09-24,938 days,Very Old,old,High
1098,1099,41.0,87500.0,1814.3423684815743,Male,North,13.0,Clothing,37.29315685666111,2021-07-02,2021-09-17,77 days,Very New,mid,High
1103,1104,59.0,117900.0,40.89122245137591,Female,South,34.0,Home & Garden,0.1256795393811183,2022-07-09,2023-08-14,401 days,New,old,
1104,1105,68.0,86500.0,800.2985024935161,Male,North,34.0,Home & Garden,93.37621198067512,2021-12-20,2022-04-17,118 days,Very New,Very Old,Low
1105,1106,34.0,80100.0,1704.884760825464,Male,South,36.0,Home & Garden,30.60152412145538,2021-08-01,2022-11-10,466 days,Regular,mid,High
1106,1107,22.0,58700.0,704.8005387910332,Male,West,35.0,Health,19.66320424660023,2021-07-08,2022-01-16,192 days,Very New,young,Low
1109,1110,27.0,98500.0,1608.0357751600798,Male,South,14.0,Home & Garden,47.45464264481737,2021-05-17,2021-07-12,56 days,Very New,young,High
1110,1111,73.0,92800.0,337.97551618575096,Female,North,34.0,Electronics,6.935167101859663,2021-01-30,2023-07-26,907 days,Very Old,Very Old,
1111,1112,34.0,98600.0,1083.9341837494987,Male,West,48.0,Home & Garden,5.267315620545087,2021-05-26,2022-08-24,455 days,Regular,mid,Medium
1112,1113,27.0,92900.0,400.071769211537,Male,North,11.0,Clothing,29.29107655380726,2022-04-13,2022-08-30,139 days,Very New,young,
1113,1114,34.0,79000.0,1444.0841497074107,Male,South,13.0,Electronics,29.576613119709585,2022-09-09,2023-02-04,148 days,Very New,mid,Medium
1115,1116,37.0,99100.0,646.1059426753935,Male,East,2.0,Clothing,40.47915943205342,2021-07-10,2023-09-18,800 days,Loyal,mid,Low
1116,1117,41.0,22500.0,1693.0422902074008,Female,East,34.0,Electronics,28.402866820278227,2022-04-16,2022-05-21,35 days,Very New,mid,High
1119,1120,23.0,82200.0,816.698640430486,Female,West,4.0,Clothing,88.60190180435904,2021-01-01,2022-04-11,465 days,Regular,young,Low
1121,1122,19.0,88400.0,1258.4465596408295,Female,East,26.0,Home & Garden,16.287222816434788,2021-03-05,2023-06-07,824 days,Loyal,young,Medium
1122,1123,30.0,56600.0,326.6179966760661,Male,North,28.0,Electronics,54.72927643469817,2021-02-22,2022-04-19,421 days,New,young,
1123,1124,79.0,56400.0,758.5396744223888,Female,West,3.0,Toys,63.075350298143086,2021-09-19,2022-10-17,393 days,New,Very Old,Low
1125,1126,60.0,75300.0,1397.674034542676,Male,South,10.0,Clothing,37.73484566398125,2021-10-29,2022-06-06,220 days,New,old,Medium
1126,1127,65.0,89400.0,1889.533499925293,Male,South,18.0,Home & Garden,61.82003428645584,2021-08-22,2023-02-23,550 days,Regular,Very Old,High
1127,1128,28.0,114300.0,1991.1117166714157,Male,West,27.0,Electronics,87.81810458043095,2021-03-14,2022-02-19,342 days,New,young,High
1128,1129,68.0,41100.0,911.5480846743496,Male,West,31.0,Clothing,44.995378578085,2021-12-23,2021-12-30,7 days,Very New,Very Old,Low
1131,1132,40.0,26200.0,1697.593431726193,Female,South,1.0,Home & Garden,13.65669267033004,2021-01-06,2022-03-19,437 days,Regular,mid,High
1134,1135,48.0,61900.0,696.894222220339,Female,East,34.0,Electronics,23.842370049535557,2021-05-17,2022-05-24,372 days,New,mid,Low
1135,1136,28.0,118700.0,1971.891245711604,Male,West,39.0,Clothing,0.2007045838974042,2022-02-08,2022-04-11,62 days,Very New,young,High
1139,1140,21.0,102100.0,37.37887965690034,Male,West,18.0,Toys,26.27899723554192,2021-07-25,2022-12-24,517 days,Regular,young,
1140,1141,57.0,28100.0,776.6231594754559,Male,South,21.0,Home & Garden,24.053789330505023,2022-02-14,2023-04-22,432 days,Regular,old,Low
1142,1143,73.0,82400.0,94.04604100941864,Female,East,4.0,Toys,84.12262245742964,2021-02-05,2021-06-23,138 days,Very New,Very Old,
1143,1144,42.0,35100.0,1020.6232078817408,Male,West,13.0,Clothing,17.033163436986953,2021-08-18,2022-10-08,416 days,New,mid,Medium
1145,1146,49.0,60600.0,1276.421806128219,Female,South,29.0,Electronics,999.0,2022-11-26,2023-01-01,36 days,Very New,old,Medium
1147,1148,44.0,41900.0,259.0783390754266,Female,South,13.0,Electronics,60.33139044459218,2021-05-11,2023-10-27,899 days,Very Old,mid,
1148,1149,46.0,88100.0,1954.3917813307128,Female,South,27.0,Toys,90.31525112022932,2022-07-31,2023-05-28,301 days,New,mid,High
1150,1151,67.0,44100.0,901.642569034115,Male,East,49.0,Home & Garden,81.06720567624114,2021-07-05,2022-03-04,242 days,New,Very Old,Low
1152,1153,75.0,112500.0,1629.864338483958,Male,North,38.0,Clothing,70.29492911786699,2021-07-05,2023-07-22,747 days,Loyal,Very Old,High
1153,1154,68.0,110200.0,216.4746002674006,Male,West,19.0,Toys,9.294746645370632,2021-10-01,2022-05-24,235 days,New,Very Old,
1154,1155,36.0,72000.0,868.7156728328929,Female,East,1.0,Home & Garden,1.608008640590597,2022-10-25,2023-06-26,244 days,New,mid,Low
1155,1156,38.0,119500.0,1264.4342970676837,Female,South,40.0,Toys,16.85596720562218,2021-12-18,2022-10-07,293 days,New,mid,Medium
1157,1158,35.0,56200.0,1262.386439556824,Female,West,21.0,Toys,72.51376641998436,2021-05-31,2023-04-04,673 days,Loyal,mid,Medium
1158,1159,45.0,25900.0,1848.8563783483123,Female,North,22.0,Electronics,55.70068206893427,2022-01-19,2023-11-28,678 days,Loyal,mid,High
1159,1160,59.0,106700.0,1995.0858997218963,Female,West,15.0,Home & Garden,52.59508645456058,2021-02-05,2022-07-20,530 days,Regular,old,High
1160,1161,78.0,56700.0,84.25313204553791,Male,North,39.0,Electronics,25.28673003281405,2021-11-22,2022-09-09,291 days,New,Very Old,
1162,1163,38.0,42400.0,634.408089267561,Female,South,39.0,Clothing,20.65479697688959,2022-04-11,2023-04-28,382 days,New,mid,Low
1163,1164,23.0,47000.0,810.2696788810329,Female,West,32.0,Toys,40.027700741448015,2021-04-05,2021-10-30,208 days,Very New,young,Low
1164,1165,18.0,98000.0,499.66917201783946,Male,East,49.0,Home & Garden,74.0143206760953,2021-05-14,2023-01-26,622 days,Regular,young,
1165,1166,22.0,20300.0,422.9062292195188,Female,East,4.0,Home & Garden,25.451661653646998,2021-06-11,2021-06-13,2 days,Very New,young,
1168,1169,43.0,32000.0,113.0451519861726,Female,North,32.0,Toys,88.54408485107929,2021-12-22,2023-02-22,427 days,New,mid,
1169,1170,63.0,72900.0,690.8497827775993,Male,South,4.0,Electronics,23.291456088903335,2021-08-28,2022-01-03,128 days,Very New,old,Low
1170,1171,51.0,101500.0,822.1941362832451,Male,South,1.0,Toys,45.085668261760894,2022-07-18,2022-12-28,163 days,Very New,old,Low
1172,1173,31.0,78700.0,1265.1683360365876,Female,West,7.0,Health,33.51531426223207,2021-06-16,2023-05-12,695 days,Loyal,young,Medium
1173,1174,43.0,106100.0,1287.9538783555972,Male,South,9.0,Health,50.6880444032203,2021-05-20,2021-10-07,140 days,Very New,mid,Medium
1174,1175,62.0,76700.0,1703.9983720906223,Female,North,1.0,Electronics,73.27402143357924,2021-05-19,2021-11-12,177 days,Very New,old,High
1175,1176,44.0,47900.0,1486.9211514027313,Female,North,16.0,Toys,19.807712005863177,2021-08-23,2023-03-27,581 days,Regular,mid,Medium
1176,1177,26.0,97900.0,1094.2951873925922,Male,West,18.0,Clothing,21.809212840646587,2021-01-03,2021-05-31,148 days,Very New,young,Medium
1177,1178,43.0,30600.0,1314.1018046879517,Male,East,47.0,Toys,63.15778405210494,2021-09-13,2023-10-06,753 days,Loyal,mid,Medium
1178,1179,74.0,104800.0,562.4977874551759,Female,North,6.0,Clothing,38.24577834543116,2022-01-06,2022-10-31,298 days,New,Very Old,Low
1179,1180,64.0,57000.0,1194.251256135368,Male,South,2.0,Toys,48.20948672323478,2021-10-05,2022-02-11,129 days,Very New,Very Old,Medium
1182,1183,64.0,32900.0,0.0,Female,West,45.0,Health,65.24993806091712,2021-08-04,2022-05-07,276 days,New,Very Old,
1183,1184,73.0,86700.0,597.5530324287404,Female,East,23.0,Health,65.67750416599722,2021-09-27,2023-10-30,763 days,Loyal,Very Old,Low
1184,1185,47.0,88900.0,1850.1329427640649,Male,East,43.0,Electronics,80.36119429560182,2022-04-21,2023-01-08,262 days,New,mid,High
1186,1187,65.0,29800.0,592.702927582943,Male,South,43.0,Home & Garden,6.480982565386251,2021-03-05,2023-09-24,933 days,Very Old,Very Old,Low
1187,1188,78.0,106200.0,751.3211775770759,Female,West,8.0,Toys,34.21729826868402,2022-04-05,2022-05-13,38 days,Very New,Very Old,Low
1188,1189,34.0,62800.0,1334.2106224782665,Female,South,39.0,Electronics,98.931618350921,2021-01-16,2022-09-14,606 days,Regular,mid,Medium
1189,1190,43.0,98500.0,254.11201709483825,Male,North,25.0,Toys,19.65102888079188,2022-07-18,2023-06-08,325 days,New,mid,
1190,1191,53.0,28100.0,1908.8115207376768,Female,East,16.0,Home & Garden,58.672907841468856,2021-01-19,2021-12-20,335 days,New,old,High
1192,1193,25.0,61200.0,1162.8878245577214,Male,West,17.0,Home & Garden,58.65585607473541,2021-04-03,2022-03-08,339 days,New,young,Medium
1193,1194,66.0,31400.0,1354.5949775014144,Female,North,18.0,Home & Garden,37.227025812667726,2021-01-17,2023-01-09,722 days,Loyal,Very Old,Medium
1195,1196,78.0,114800.0,691.1106551899284,Female,North,15.0,Electronics,36.166490253609496,2022-05-03,2022-05-23,20 days,Very New,Very Old,Low
1197,1198,32.0,35100.0,173.41628810892405,Male,West,43.0,Health,96.086281628198,2021-01-10,2021-02-06,27 days,Very New,young,
1198,1199,64.0,72400.0,578.981391737226,Female,East,5.0,Electronics,71.50318415582863,2022-12-25,2023-06-19,176 days,Very New,Very Old,Low
1200,1201,39.0,97100.0,527.6977948439048,Female,North,15.0,Toys,43.59692660003781,2022-05-04,2022-06-08,35 days,Very New,mid,Low
1201,1202,31.0,41300.0,1869.276388806148,Female,South,42.0,Home & Garden,10.996482813170616,2021-05-24,2023-07-04,771 days,Loyal,young,High
1203,1204,45.0,68600.0,1598.8408286574015,Male,East,34.0,Home & Garden,25.971110406633013,2022-05-30,2022-11-28,182 days,Very New,mid,High
1204,1205,40.0,28700.0,1025.7384099746882,Female,North,48.0,Home & Garden,48.67793508015437,2022-04-15,2022-12-17,246 days,New,mid,Medium
1205,1206,31.0,21400.0,1505.654936123513,Male,South,19.0,Electronics,46.09797866933572,2022-01-12,2023-10-28,654 days,Loyal,young,High
1206,1207,41.0,86700.0,635.2163500566659,Female,South,8.0,Home & Garden,43.34082173718403,2022-10-30,2023-01-02,64 days,Very New,mid,Low
1207,1208,19.0,39900.0,1038.6894125778367,Female,North,47.0,Home & Garden,49.5977466692741,2022-05-09,2023-09-16,495 days,Regular,young,Medium
1209,1210,43.0,61900.0,944.4186362637467,Male,East,5.0,Clothing,29.83536306528833,2022-04-29,2023-01-24,270 days,New,mid,Low
1212,1213,73.0,30300.0,1440.3782510120063,Male,East,22.0,Home & Garden,46.6606265926182,2021-03-16,2023-02-18,704 days,Loyal,Very Old,Medium
1213,1214,68.0,107400.0,898.2554240870354,Female,South,44.0,Health,20.00492331463749,2021-02-09,2023-04-14,794 days,Loyal,Very Old,Low
1214,1215,24.0,87700.0,1878.9764107817005,Male,North,23.0,Electronics,55.81922352997577,2021-10-29,2022-04-06,159 days,Very New,young,High
1216,1217,64.0,104100.0,961.4179402148584,Female,South,9.0,Health,3.6788916718830778,2021-03-03,2021-11-08,250 days,New,Very Old,Low
1218,1219,63.0,42100.0,1384.4597591816012,Female,East,20.0,Electronics,12.825511212041752,2021-09-02,2021-09-03,1 days,Very New,old,Medium
1219,1220,60.0,90800.0,1730.0092837859693,Female,North,28.0,Home & Garden,36.803879911690565,2021-01-18,2023-10-14,999 days,Very Old,old,High
1221,1222,77.0,91400.0,865.1794910142773,Male,South,37.0,Toys,43.248000042192736,2022-02-02,2023-12-02,668 days,Loyal,Very Old,Low
1223,1224,35.0,32500.0,80.22344399977659,Male,North,44.0,Home & Garden,59.67765959309443,2021-07-08,2023-09-07,791 days,Loyal,mid,
1224,1225,75.0,109900.0,1459.216274156748,Male,North,33.0,Health,29.5371182707486,2022-09-12,2023-09-15,368 days,New,Very Old,Medium
1225,1226,55.0,76700.0,1750.547069191257,Male,North,20.0,Toys,5.170299984067017,2021-04-14,2021-10-27,196 days,Very New,old,High
1226,1227,52.0,101300.0,457.010920169949,Female,West,48.0,Toys,76.75951182531763,2022-10-08,2023-06-20,255 days,New,old,
1227,1228,68.0,66100.0,333.7271136360138,Male,North,30.0,Toys,35.25271266784217,2021-12-10,2023-05-24,530 days,Regular,Very Old,
1228,1229,32.0,83700.0,143.16608122086814,Male,South,44.0,Electronics,88.97247409999693,2022-01-06,2022-05-01,115 days,Very New,young,
1229,1230,42.0,30400.0,1648.9517850000686,Female,West,9.0,Home & Garden,39.505677360325045,2021-02-02,2022-03-12,403 days,New,mid,High
1230,1231,72.0,116200.0,636.536240987317,Female,South,45.0,Toys,71.76586061377073,2022-01-09,2023-03-17,432 days,Regular,Very Old,Low
1231,1232,54.0,88500.0,815.3598476643574,Male,South,49.0,Clothing,93.95647032346793,2021-06-27,2021-06-30,3 days,Very New,old,Low
1232,1233,45.0,37700.0,1015.4453793870324,Male,East,17.0,Health,65.11524506354797,2021-01-12,2023-06-02,871 days,Very Old,mid,Medium
1233,1234,27.0,90300.0,1682.1174037349106,Female,North,36.0,Home & Garden,41.34889133975048,2022-04-01,2023-05-27,421 days,New,young,High
1234,1235,56.0,73200.0,1308.6497786917405,Male,North,14.0,Clothing,56.73992687859428,2022-10-05,2022-11-25,51 days,Very New,old,Medium
1235,1236,74.0,78400.0,1237.8279671184664,Male,South,19.0,Electronics,54.34451885418926,2021-09-06,2021-12-06,91 days,Very New,Very Old,Medium
1236,1237,34.0,43800.0,367.8307579127032,Female,North,7.0,Toys,58.48200366533628,2022-03-24,2022-05-06,43 days,Very New,mid,
1238,1239,39.0,88000.0,1436.4544140137373,Female,East,33.0,Home & Garden,69.850988240131,2021-01-04,2022-12-31,726 days,Loyal,mid,Medium
1239,1240,43.0,35600.0,1947.0565484003737,Male,North,44.0,Clothing,14.504327166918715,2021-08-24,2022-04-01,220 days,New,mid,High
1241,1242,61.0,53300.0,38.89583907310876,Female,West,47.0,Health,62.47801006840636,2021-11-18,2022-12-20,397 days,New,old,
1242,1243,42.0,55600.0,169.0968385249701,Female,East,11.0,Toys,11.69135721755914,2022-01-06,2022-03-15,68 days,Very New,mid,
1243,1244,34.0,54400.0,764.1878810603189,Male,West,42.0,Home & Garden,77.04116367112732,2022-07-02,2022-10-13,103 days,Very New,mid,Low
1244,1245,30.0,81300.0,1644.6784025370546,Female,South,2.0,Toys,86.59659535008205,2021-10-23,2022-05-24,213 days,Very New,young,High
1246,1247,42.0,50800.0,924.3265739139638,Female,North,4.0,Toys,66.44769629063916,2021-02-27,2023-08-23,907 days,Very Old,mid,Low
1248,1249,27.0,36600.0,123.9137859974606,Female,South,17.0,Clothing,35.228108070579914,2022-07-02,2023-05-29,331 days,New,young,
1249,1250,20.0,27200.0,911.4678476117822,Male,West,28.0,Health,49.09250939863308,2022-02-12,2023-10-15,610 days,Regular,young,Low
1250,1251,58.0,108700.0,524.4024405267032,Male,South,30.0,Electronics,19.035222836031352,2022-10-03,2023-02-14,134 days,Very New,old,Low
1251,1252,62.0,58400.0,716.7319720070728,Female,South,40.0,Home & Garden,34.8422647789093,2022-05-28,2023-06-04,372 days,New,old,Low
1252,1253,35.0,101000.0,1417.1183034729002,Male,West,23.0,Clothing,71.79305248344978,2021-03-05,2021-03-05,0 days,Very New,mid,Medium
1254,1255,53.0,21600.0,266.8019094057704,Male,East,24.0,Electronics,26.406713567366506,2022-02-24,2023-05-10,440 days,Regular,old,
1255,1256,64.0,45300.0,1923.6007900388051,Female,North,29.0,Home & Garden,74.93282557078487,2021-05-26,2023-02-19,634 days,Regular,Very Old,High
1257,1258,51.0,32200.0,1536.4194828118125,Female,South,38.0,Home & Garden,24.588758647337773,2021-01-17,2022-03-13,420 days,New,old,High
1258,1259,64.0,101000.0,176.8420370165742,Female,East,29.0,Home & Garden,1.754756282265035,2021-04-08,2023-02-02,665 days,Loyal,Very Old,
1259,1260,25.0,52000.0,113.1755913308374,Female,North,19.0,Health,72.00515995351068,2022-03-28,2023-01-06,284 days,New,young,
1260,1261,57.0,36300.0,58.50713972880072,Male,West,27.0,Home & Garden,61.79035655664339,2021-08-31,2023-12-07,828 days,Loyal,old,
1262,1263,61.0,34800.0,840.5286274826203,Male,South,36.0,Clothing,21.432776195331314,2021-07-20,2022-09-25,432 days,Regular,old,Low
1263,1264,36.0,117200.0,1872.9357441375887,Male,North,35.0,Electronics,68.73763907278713,2022-04-18,2023-12-13,604 days,Regular,mid,High
1264,1265,59.0,66200.0,924.9781253462372,Female,West,6.0,Toys,59.63766176932567,2021-06-28,2021-08-21,54 days,Very New,old,Low
1266,1267,54.0,119600.0,1132.6318019689334,Female,South,39.0,Health,43.78258116344047,2022-03-29,2022-11-05,221 days,New,old,Medium
1267,1268,23.0,76400.0,241.6304647068827,Male,East,46.0,Toys,56.79205032734082,2021-09-27,2022-07-03,279 days,New,young,
1268,1269,69.0,91200.0,1226.8216641898669,Male,South,44.0,Electronics,49.32921760875567,2021-08-22,2023-07-26,703 days,Loyal,Very Old,Medium
1271,1272,76.0,94800.0,1973.641471001708,Male,West,2.0,Home & Garden,54.07099549161969,2022-08-01,2023-06-15,318 days,New,Very Old,High
1272,1273,73.0,113900.0,516.7294739978988,Male,East,13.0,Home & Garden,45.02794828645408,2021-12-04,2022-06-06,184 days,Very New,Very Old,Low
1274,1275,62.0,35700.0,1819.5535045116271,Male,North,21.0,Electronics,46.93820505825953,2022-08-07,2023-07-03,330 days,New,old,High
1275,1276,23.0,57800.0,1574.6759711572258,Male,South,31.0,Electronics,88.14719638223171,2021-12-23,2022-07-07,196 days,Very New,young,High
1276,1277,54.0,93500.0,985.064480139599,Male,East,48.0,Toys,81.86274411366156,2021-02-18,2022-11-07,627 days,Regular,old,Low
1277,1278,74.0,65500.0,1891.83586623726,Male,West,36.0,Toys,62.95699611705368,2022-05-11,2023-02-09,274 days,New,Very Old,High
1280,1281,39.0,27100.0,120.00463691795696,Female,West,27.0,Electronics,74.39917193796687,2021-10-20,2022-12-08,414 days,New,mid,
1283,1284,23.0,109700.0,540.1874682513796,Female,North,23.0,Clothing,13.977696593814294,2021-05-30,2021-10-09,132 days,Very New,young,Low
1284,1285,72.0,74300.0,955.052027911414,Male,West,21.0,Home & Garden,7.520879035199179,2022-08-05,2023-01-25,173 days,Very New,Very Old,Low
1285,1286,65.0,78700.0,662.1711806911939,Female,South,13.0,Electronics,4.488568549672312,2022-06-29,2023-12-11,530 days,Regular,Very Old,Low
1286,1287,21.0,109100.0,1905.244955811176,Female,West,37.0,Health,16.17961748902408,2021-09-17,2022-05-10,235 days,New,young,High
1287,1288,47.0,51900.0,1650.8182776111198,Female,South,47.0,Electronics,3.014379479774165,2021-11-18,2022-02-13,87 days,Very New,mid,High
1288,1289,28.0,71000.0,1423.8229924262316,Male,East,26.0,Toys,73.26422424425209,2021-03-18,2021-09-30,196 days,Very New,young,Medium
1289,1290,79.0,88800.0,1183.5014334979153,Female,West,40.0,Home & Garden,24.86141190217397,2021-04-20,2022-04-03,348 days,New,Very Old,Medium
1292,1293,48.0,42800.0,906.1526731100024,Female,West,39.0,Home & Garden,11.465749652459069,2022-02-27,2022-07-16,139 days,Very New,mid,Low
1295,1296,26.0,78200.0,146.52386525578015,Male,South,23.0,Health,34.202951460460305,2021-11-26,2023-06-27,578 days,Regular,young,
1296,1297,72.0,99700.0,167.1825255944215,Female,North,30.0,Home & Garden,11.780721306768427,2022-12-13,2023-12-08,360 days,New,Very Old,
1298,1299,68.0,55300.0,1741.9690202204522,Male,South,42.0,Clothing,33.551434607932066,2021-05-31,2023-09-11,833 days,Loyal,Very Old,High
1299,1300,48.0,100900.0,955.0083229972846,Male,West,18.0,Clothing,14.034197271804585,2022-06-30,2022-07-20,20 days,Very New,mid,Low
1301,1302,54.0,90900.0,797.9604844976886,Female,North,10.0,Home & Garden,5.2955800451324535,2021-02-01,2023-07-30,909 days,Very Old,old,Low
1302,1303,53.0,61700.0,532.2476758829563,Male,North,39.0,Home & Garden,59.50084216966989,2021-09-29,2023-06-20,629 days,Regular,old,Low
1304,1305,48.0,91300.0,1592.4810437280237,Male,North,26.0,Clothing,75.6732313125627,2022-01-03,2022-12-25,356 days,New,mid,High
1305,1306,23.0,52500.0,1257.9279275622475,Male,East,7.0,Clothing,21.81749762779721,2022-05-07,2022-09-26,142 days,Very New,young,Medium
1308,1309,45.0,25600.0,1148.959630874294,Female,West,1.0,Home & Garden,72.13665637012986,2022-08-11,2023-11-11,457 days,Regular,mid,Medium
1311,1312,32.0,111000.0,1580.637841136078,Male,North,13.0,Toys,3.866181432173843,2022-01-03,2023-07-09,552 days,Regular,young,High
1312,1313,23.0,63200.0,67.60164998554689,Male,West,25.0,Electronics,49.52444343542575,2021-03-21,2023-09-02,895 days,Very Old,young,
1314,1315,66.0,22300.0,1382.9100548621984,Female,East,8.0,Electronics,48.63202272490265,2021-09-15,2022-08-24,343 days,New,Very Old,Medium
1315,1316,47.0,68700.0,1502.422987309527,Male,South,10.0,Clothing,14.13591308861497,2021-10-06,2022-06-29,266 days,New,mid,High
1317,1318,55.0,59200.0,1737.0111618136775,Male,South,17.0,Toys,11.062082023228836,2022-07-12,2023-07-23,376 days,New,old,High
1319,1320,79.0,112200.0,488.69630557284216,Female,West,15.0,Toys,59.50789355038547,2022-08-08,2023-11-17,466 days,Regular,Very Old,
1320,1321,74.0,64800.0,1767.5786058841468,Female,South,15.0,Toys,97.6660637210142,2022-07-20,2023-03-28,251 days,New,Very Old,High
1322,1323,32.0,91900.0,130.29953550818547,Female,West,40.0,Clothing,68.71736926095025,2022-06-05,2023-08-31,452 days,Regular,young,
1323,1324,28.0,114300.0,275.8631242034437,Female,West,20.0,Health,53.94246710443752,2021-11-22,2023-08-06,622 days,Regular,young,
1324,1325,25.0,105800.0,134.32733734473126,Male,East,15.0,Health,49.835793429443775,2021-06-21,2023-01-08,566 days,Regular,young,
1325,1326,43.0,32200.0,1693.1242295684362,Male,North,35.0,Toys,6.470419683985118,2021-03-25,2021-11-20,240 days,New,mid,High
1326,1327,68.0,118600.0,136.91928602737846,Male,West,6.0,Health,14.429740227527944,2022-06-08,2023-05-17,343 days,New,Very Old,
1327,1328,62.0,35400.0,557.8950989000379,Female,South,30.0,Clothing,88.30577292325673,2022-04-26,2023-01-05,254 days,New,old,Low
1328,1329,61.0,49800.0,225.43756020099565,Male,West,8.0,Health,41.01643150418033,2022-06-28,2023-03-04,249 days,New,old,
1330,1331,23.0,110000.0,199.30774584982257,Male,South,48.0,Home & Garden,52.82332327149584,2021-12-05,2023-11-27,722 days,Loyal,young,
1331,1332,43.0,118900.0,1342.6464364711678,Female,North,47.0,Electronics,37.888237955123486,2021-11-16,2023-06-11,572 days,Regular,mid,Medium
1335,1336,37.0,91400.0,47.05013723180665,Male,South,18.0,Clothing,38.725904025443405,2021-04-24,2023-06-14,781 days,Loyal,mid,
1336,1337,50.0,98400.0,1793.538183919927,Female,West,13.0,Health,44.69755694027391,2022-02-11,2023-12-13,670 days,Loyal,old,High
1337,1338,37.0,36300.0,77.30974715186679,Male,North,24.0,Toys,98.51262236761242,2021-01-26,2023-05-20,844 days,Loyal,mid,
1338,1339,66.0,25900.0,494.4986542159621,Male,West,40.0,Electronics,35.145476928571775,2021-08-25,2022-06-17,296 days,New,Very Old,
1339,1340,29.0,83200.0,84.13049279647022,Male,East,14.0,Electronics,64.45788958808689,2021-11-06,2023-09-27,690 days,Loyal,young,
1341,1342,18.0,66000.0,1037.4557209122777,Male,South,11.0,Electronics,6.548138183021912,2021-08-21,2023-08-12,721 days,Loyal,young,Medium
1343,1344,31.0,42100.0,689.2034699302756,Male,West,25.0,Clothing,73.07349024056865,2021-09-22,2021-10-28,36 days,Very New,young,Low
1346,1347,79.0,39000.0,1506.1849443533702,Female,North,2.0,Home & Garden,13.574418445183856,2021-11-12,2022-10-16,338 days,New,Very Old,High
1349,1350,30.0,87000.0,387.10952374062754,Male,North,33.0,Clothing,75.70330569412019,2022-01-19,2022-08-09,202 days,Very New,young,
1351,1352,20.0,107700.0,1035.4685011664424,Male,South,24.0,Clothing,27.88505300867648,2021-11-12,2023-03-21,494 days,Regular,young,Medium
1352,1353,50.0,25400.0,1692.699210752529,Male,East,27.0,Clothing,86.25743540614567,2021-09-13,2022-09-26,378 days,New,old,High
1353,1354,23.0,74200.0,177.61805244516114,Male,East,4.0,Toys,98.60718703388544,2022-03-17,2023-11-01,594 days,Regular,young,
1354,1355,67.0,94700.0,1419.7735106169769,Male,West,24.0,Health,25.4349101197638,2021-04-25,2023-07-20,816 days,Loyal,Very Old,Medium
1355,1356,73.0,58400.0,1315.6059901126582,Female,West,23.0,Toys,80.62461495859326,2021-10-26,2022-10-21,360 days,New,Very Old,Medium
1356,1357,27.0,106000.0,1747.5895046221376,Female,South,29.0,Clothing,75.01663163764573,2021-05-04,2023-06-05,762 days,Loyal,young,High
1357,1358,22.0,98900.0,503.4121698036763,Female,East,34.0,Home & Garden,74.71901211056694,2021-09-13,2021-11-17,65 days,Very New,young,Low
1360,1361,61.0,45000.0,1326.787031267928,Female,West,26.0,Home & Garden,67.41680405566547,2021-02-16,2023-05-27,830 days,Loyal,old,Medium
1361,1362,19.0,46700.0,789.7614574659619,Male,East,20.0,Health,82.38773636258041,2022-12-30,2023-01-24,25 days,Very New,young,Low
1363,1364,57.0,101500.0,539.7203156431702,Male,West,3.0,Toys,48.14312028120059,2021-12-16,2022-04-09,114 days,Very New,old,Low
1364,1365,19.0,49400.0,1170.806645428979,Female,North,49.0,Toys,31.865475406735133,2021-05-03,2023-09-25,875 days,Very Old,young,Medium
1365,1366,37.0,40900.0,1441.9725361698172,Female,North,37.0,Health,78.0825712827134,2021-01-31,2021-08-29,210 days,Very New,mid,Medium
1366,1367,18.0,72400.0,266.35533596674907,Female,East,40.0,Home & Garden,68.61957796855566,2021-02-24,2023-07-25,881 days,Very Old,young,
1367,1368,54.0,115700.0,1207.202574887227,Male,West,44.0,Clothing,45.113989950104994,2021-06-02,2023-08-22,811 days,Loyal,old,Medium
1368,1369,26.0,54800.0,1109.695532100727,Female,South,25.0,Home & Garden,41.93366573987368,2022-04-01,2023-08-17,503 days,Regular,young,Medium
1369,1370,34.0,71200.0,1037.631784447602,Female,East,23.0,Electronics,7.258964316911864,2021-10-13,2023-05-15,579 days,Regular,mid,Medium
1370,1371,26.0,47800.0,1386.4437730103757,Female,West,44.0,Home & Garden,0.6501146828415516,2021-02-05,2022-10-12,614 days,Regular,young,Medium
1371,1372,28.0,96400.0,1678.1501982652544,Female,East,1.0,Electronics,52.88939665318434,2021-09-13,2021-11-23,71 days,Very New,young,High
1372,1373,32.0,103700.0,659.5195726901994,Male,East,33.0,Toys,41.74928523515995,2021-06-27,2023-05-15,687 days,Loyal,young,Low
1376,1377,52.0,110900.0,548.2086859753693,Female,North,17.0,Home & Garden,19.61407988609985,2022-11-05,2023-10-24,353 days,New,old,Low
1377,1378,47.0,116100.0,256.67112170321406,Male,North,41.0,Toys,99.01503403850398,2021-01-21,2023-12-11,1054 days,Very Old,mid,
1378,1379,48.0,67400.0,476.0320648720976,Female,West,44.0,Health,29.791919431210637,2021-03-16,2023-06-01,807 days,Loyal,mid,
1383,1384,61.0,105200.0,114.8694584684008,Female,North,46.0,Health,13.483415145221167,2021-02-06,2021-03-17,39 days,Very New,old,
1384,1385,67.0,37000.0,1898.070248477552,Male,West,9.0,Clothing,71.15058273781953,2021-04-30,2023-01-26,636 days,Regular,Very Old,High
1386,1387,70.0,82300.0,33.457166200501334,Female,West,33.0,Home & Garden,96.12979741329428,2021-01-01,2022-03-28,451 days,Regular,Very Old,
1387,1388,73.0,74400.0,1532.4358703964238,Male,West,33.0,Home & Garden,32.564848650633806,2022-12-22,2023-06-30,190 days,Very New,Very Old,High
1388,1389,28.0,94100.0,1037.8822031170469,Female,West,20.0,Toys,98.35237217479629,2021-11-07,2022-01-02,56 days,Very New,young,Medium
1389,1390,26.0,81000.0,1563.143037263537,Female,West,4.0,Health,20.542325659526277,2021-07-27,2023-04-06,618 days,Regular,young,High
1390,1391,51.0,53100.0,1054.5436816033653,Male,North,1.0,Electronics,10.281438623105355,2021-06-03,2022-11-01,516 days,Regular,old,Medium
1391,1392,29.0,100100.0,1289.2292181180023,Female,West,42.0,Electronics,31.256973352295716,2022-11-14,2023-11-14,365 days,New,young,Medium
1395,1396,57.0,30300.0,1702.894061971473,Female,North,24.0,Electronics,20.249904960409506,2022-09-11,2023-03-29,199 days,Very New,old,High
1396,1397,39.0,120000.0,774.1629179968319,Male,West,15.0,Home & Garden,31.126066214956328,2022-10-17,2023-02-26,132 days,Very New,mid,Low
1397,1398,77.0,75900.0,1002.1645975128343,Female,South,35.0,Electronics,59.01667378127078,2022-06-04,2022-07-10,36 days,Very New,Very Old,Medium
1398,1399,46.0,82600.0,0.0,Female,South,25.0,Electronics,33.23789398776207,2022-08-29,2023-07-18,323 days,New,mid,
1399,1400,25.0,77200.0,994.342180493194,Female,West,9.0,Electronics,74.70540820893272,2021-04-07,2021-09-16,162 days,Very New,young,Low
1401,1402,58.0,82000.0,570.9699684211639,Female,South,21.0,Home & Garden,87.38237373533401,2021-01-07,2021-06-12,156 days,Very New,old,Low
1402,1403,54.0,48200.0,802.9281750799086,Female,North,13.0,Toys,50.09618263593643,2021-01-12,2021-02-08,27 days,Very New,old,Low
1403,1404,31.0,40200.0,1380.6361930079795,Male,East,3.0,Toys,33.11764141010678,2022-05-29,2022-10-27,151 days,Very New,young,Medium
1405,1406,47.0,56700.0,846.4354155320787,Female,South,4.0,Electronics,35.56333218073557,2021-01-07,2021-12-26,353 days,New,mid,Low
1409,1410,22.0,51900.0,255.66218289641927,Female,West,26.0,Health,38.649010605851466,2021-02-26,2021-09-14,200 days,Very New,young,
1411,1412,76.0,44500.0,977.4287045649309,Female,West,24.0,Toys,13.93058666727579,2022-08-09,2022-09-02,24 days,Very New,Very Old,Low
1412,1413,31.0,71900.0,455.7783307735994,Male,West,43.0,Health,0.4640825498006928,2021-08-21,2023-06-24,672 days,Loyal,young,
1413,1414,43.0,56100.0,522.8898116849819,Female,West,10.0,Toys,0.9544292582375212,2021-01-30,2021-06-13,134 days,Very New,mid,Low
1414,1415,79.0,74200.0,1757.8305140791394,Male,East,37.0,Electronics,38.0287889502852,2022-01-02,2022-09-07,248 days,New,Very Old,High
1417,1418,62.0,81700.0,556.8616616935643,Female,North,42.0,Clothing,63.49140441376434,2021-01-10,2021-12-30,354 days,New,old,Low
1418,1419,59.0,116700.0,1525.4498783801926,Male,East,39.0,Toys,51.92492375848865,2021-05-27,2023-11-11,898 days,Very Old,old,High
1419,1420,42.0,21500.0,1450.3745412378182,Female,North,19.0,Clothing,81.97931441705587,2021-12-30,2022-10-22,296 days,New,mid,Medium
1420,1421,35.0,105200.0,34.63596485970019,Male,North,19.0,Home & Garden,88.03787251861742,2022-08-22,2022-11-30,100 days,Very New,mid,
1421,1422,57.0,35200.0,1028.0881175847662,Female,West,12.0,Health,84.97407281453752,2021-09-10,2023-01-17,494 days,Regular,old,Medium
1422,1423,25.0,112400.0,295.8525751085318,Female,East,22.0,Home & Garden,81.2132105803039,2022-11-30,2023-08-19,262 days,New,young,
1423,1424,56.0,64900.0,1735.12952054578,Male,North,47.0,Clothing,18.271307356328386,2021-09-10,2023-07-19,677 days,Loyal,old,High
1425,1426,31.0,39700.0,848.3246988376409,Male,North,30.0,Toys,58.21631960983702,2021-12-06,2023-12-26,750 days,Loyal,young,Low
1427,1428,68.0,32000.0,620.5002200209636,Male,South,12.0,Electronics,48.0812789296766,2021-12-19,2022-12-04,350 days,New,Very Old,Low
1431,1432,40.0,75300.0,875.8174978189263,Female,South,37.0,Health,63.01864391211986,2021-11-19,2022-03-11,112 days,Very New,mid,Low
1432,1433,32.0,23900.0,201.14528640716827,Male,West,48.0,Home & Garden,26.23172144980064,2021-05-20,2021-10-07,140 days,Very New,young,
1433,1434,50.0,52300.0,1498.2743451955237,Male,West,18.0,Electronics,27.930038921345623,2022-03-21,2022-06-08,79 days,Very New,old,Medium
1434,1435,42.0,64800.0,44.94087451813819,Male,North,44.0,Health,61.01948316486301,2021-04-05,2022-10-29,572 days,Regular,mid,
1435,1436,34.0,91400.0,1296.080421810776,Female,North,27.0,Clothing,40.69349746356621,2022-07-07,2023-11-13,494 days,Regular,mid,Medium
1439,1440,19.0,113600.0,1986.028062250156,Male,North,23.0,Electronics,39.33504265636626,2022-07-07,2023-07-23,381 days,New,young,High
1441,1442,70.0,50500.0,467.1624718023161,Male,North,38.0,Health,4.8025387599913145,2021-04-26,2022-05-23,392 days,New,Very Old,
1443,1444,57.0,49400.0,1735.1410831299872,Male,East,25.0,Clothing,69.5071951934516,2021-08-25,2022-01-16,144 days,Very New,old,High
1444,1445,68.0,61000.0,899.4842168845785,Male,South,4.0,Health,79.20507904502912,2021-09-27,2023-04-05,555 days,Regular,Very Old,Low
1445,1446,56.0,75400.0,291.3645495997478,Male,East,30.0,Health,19.02207040953133,2021-10-18,2023-10-27,739 days,Loyal,old,
1447,1448,23.0,72000.0,30000.0,Female,South,13.0,Toys,95.54116940790294,2021-01-09,2022-06-09,516 days,Regular,young,VIP
1448,1449,23.0,81300.0,1968.134600516384,Female,East,42.0,Health,90.68121500964484,2022-09-22,2023-11-26,430 days,Regular,young,High
1449,1450,20.0,40100.0,1821.2924996911145,Female,East,49.0,Home & Garden,78.9376077377509,2022-04-20,2023-12-30,619 days,Regular,young,High
1453,1454,59.0,75700.0,1146.5867247221631,Male,West,24.0,Toys,64.3273993810296,2021-01-11,2023-12-15,1068 days,Very Old,old,Medium
1455,1456,32.0,70200.0,926.7671646892802,Female,East,35.0,Electronics,49.30154617009376,2021-11-23,2023-04-01,494 days,Regular,young,Low
1457,1458,46.0,76600.0,873.7967600313712,Female,North,17.0,Home & Garden,95.2101535710422,2021-10-03,2023-06-06,611 days,Regular,mid,Low
1458,1459,50.0,84200.0,1147.2099095868946,Male,South,32.0,Home & Garden,29.53062084410316,2022-01-05,2023-11-15,679 days,Loyal,old,Medium
1459,1460,69.0,73600.0,24.11150484816079,Male,East,24.0,Home & Garden,24.63631519574395,2022-05-05,2023-11-27,571 days,Regular,Very Old,
1460,1461,47.0,41000.0,536.2033727830474,Female,East,7.0,Clothing,60.180689229887165,2021-12-11,2023-11-09,698 days,Loyal,mid,Low
1462,1463,44.0,108900.0,1449.9878753738196,Female,East,27.0,Electronics,58.25328304878139,2021-11-07,2022-04-12,156 days,Very New,mid,Medium
1463,1464,53.0,47700.0,364.83025094288473,Female,West,48.0,Toys,8.885148507143082,2022-08-24,2023-06-16,296 days,New,old,
1467,1468,50.0,31400.0,73.62064466670108,Female,West,42.0,Toys,20.69531519486293,2021-01-04,2021-10-21,290 days,New,old,
1468,1469,78.0,82600.0,909.5509537619608,Male,South,45.0,Clothing,33.53742848795249,2022-01-11,2023-07-11,546 days,Regular,Very Old,Low
1469,1470,54.0,65700.0,606.9608777334232,Male,East,31.0,Health,36.859869518615895,2022-01-04,2022-04-13,99 days,Very New,old,Low
1471,1472,72.0,114200.0,266.73450364308815,Male,East,46.0,Home & Garden,52.90213405595241,2022-06-17,2023-11-11,512 days,Regular,Very Old,
1473,1474,79.0,112800.0,124.38513734231228,Male,West,22.0,Home & Garden,45.067625434165,2021-05-17,2023-01-28,621 days,Regular,Very Old,
1474,1475,21.0,107300.0,903.417466869139,Male,East,12.0,Electronics,1.297667065023922,2021-12-29,2022-03-27,88 days,Very New,young,Low
1475,1476,39.0,51200.0,1116.8793846957597,Male,West,32.0,Health,77.052527930763,2021-08-04,2023-02-17,562 days,Regular,mid,Medium
1476,1477,19.0,72500.0,609.9507640073936,Male,East,27.0,Electronics,9999.0,2022-01-03,2023-06-27,540 days,Regular,young,Low
1477,1478,27.0,53900.0,921.0497583303612,Female,South,33.0,Home & Garden,82.9317492922566,2021-04-27,2022-03-22,329 days,New,young,Low
1478,1479,22.0,69100.0,343.83651316977097,Male,East,20.0,Toys,54.09965214147301,2021-06-28,2023-08-15,778 days,Loyal,young,
1482,1483,71.0,119000.0,1801.4912952495656,Female,East,13.0,Health,94.26461464796644,2021-03-19,2022-10-14,574 days,Regular,Very Old,High
1483,1484,55.0,32000.0,1264.2457761291596,Female,North,14.0,Electronics,54.33698872439848,2021-10-20,2023-05-01,558 days,Regular,old,Medium
1484,1485,30.0,46500.0,888.5250565032493,Female,East,44.0,Toys,15.065823198891826,2021-03-23,2022-07-06,470 days,Regular,young,Low
1487,1488,53.0,81300.0,1534.2569594076767,Male,South,18.0,Clothing,80.73371707198082,2022-08-01,2023-10-31,456 days,Regular,old,High
1488,1489,62.0,75900.0,545.804044064579,Female,East,48.0,Electronics,68.0421626425648,2021-04-06,2022-01-23,292 days,New,old,Low
1489,1490,41.0,69500.0,1617.4116679045594,Female,North,29.0,Health,90.4727607422946,2021-05-25,2022-01-20,240 days,New,mid,High
1492,1493,32.0,66200.0,188.83131639112125,Male,North,46.0,Health,60.94464071756721,2022-02-01,2022-04-19,77 days,Very New,young,
1493,1494,46.0,27700.0,1735.0437435606784,Female,North,35.0,Health,12.467145516820178,2021-12-23,2022-09-08,259 days,New,mid,High
1494,1495,25.0,80700.0,1008.3891728479944,Male,South,34.0,Health,7.846861174405473,2021-07-05,2023-08-20,776 days,Loyal,young,Medium
1495,1496,22.0,97300.0,607.1444274481188,Male,West,3.0,Health,44.82771458307305,2022-11-01,2023-03-03,122 days,Very New,young,Low
1497,1498,64.0,66500.0,875.380906682118,Female,South,5.0,Electronics,72.79023831125929,2021-05-31,2022-03-25,298 days,New,Very Old,Low
1500,1501,62.0,117700.0,224.36896478041925,Female,North,32.0,Clothing,23.51688695616866,2021-02-28,2023-07-21,873 days,Very Old,old,
1501,1502,19.0,108400.0,1178.3696340629506,Male,West,31.0,Toys,84.32063915253954,2021-01-10,2021-09-26,259 days,New,young,Medium
1502,1503,44.0,75800.0,987.3140835517092,Male,East,2.0,Toys,85.31033749300259,2021-05-04,2022-09-10,494 days,Regular,mid,Low
1503,1504,48.0,99000.0,1057.9086167053483,Female,East,12.0,Clothing,73.27859723643944,2021-12-22,2023-02-12,417 days,New,mid,Medium
1504,1505,68.0,74300.0,1340.53212676329,Female,West,27.0,Home & Garden,61.51321848133509,2021-12-12,2023-05-15,519 days,Regular,Very Old,Medium
1505,1506,68.0,27100.0,548.9452583438856,Female,West,5.0,Clothing,86.77924547517239,2021-08-25,2022-06-10,289 days,New,Very Old,Low
1506,1507,53.0,94300.0,1823.1166908600992,Male,South,37.0,Health,16.329168199755905,2021-11-29,2023-06-07,555 days,Regular,old,High
1507,1508,53.0,85400.0,9999.0,Female,North,27.0,Clothing,93.16001263440448,2021-01-17,2022-11-03,655 days,Loyal,old,VIP
1510,1511,44.0,43100.0,1293.3466181833437,Female,East,4.0,Toys,25.066203471146707,2021-01-23,2021-09-17,237 days,New,mid,Medium
1511,1512,22.0,53000.0,645.1719369183935,Male,East,21.0,Health,85.81783863106291,2022-04-04,2022-10-05,184 days,Very New,young,Low
1513,1514,28.0,95500.0,455.32667361057423,Female,East,44.0,Clothing,59.49302374008253,2022-06-05,2023-12-19,562 days,Regular,young,
1517,1518,55.0,56100.0,785.6589709751747,Male,North,24.0,Health,81.56933772444657,2022-02-07,2022-03-31,52 days,Very New,old,Low
1519,1520,25.0,36300.0,1939.591980824233,Female,West,10.0,Electronics,84.86879268829328,2022-04-02,2023-06-18,442 days,Regular,young,High
1520,1521,40.0,26000.0,918.7737501151558,Female,West,49.0,Health,16.921590013949128,2022-04-28,2023-06-22,420 days,New,mid,Low
1521,1522,64.0,67600.0,1023.859247883828,Female,West,49.0,Electronics,70.58866182279601,2022-05-13,2023-10-30,535 days,Regular,Very Old,Medium
1522,1523,43.0,55100.0,1152.9004843318642,Male,North,2.0,Electronics,14.650334050541858,2021-01-27,2021-08-20,205 days,Very New,mid,Medium
1523,1524,63.0,96800.0,1866.0493204347476,Male,East,31.0,Electronics,78.50980089510253,2022-02-01,2022-09-03,214 days,New,old,High
1524,1525,60.0,47100.0,1719.249446134519,Male,South,25.0,Health,24.51260044545075,2021-07-07,2022-12-31,542 days,Regular,old,High
1525,1526,29.0,64800.0,357.79022675085577,Female,West,4.0,Health,73.7817727586946,2021-05-20,2023-08-23,825 days,Loyal,young,
1526,1527,43.0,67200.0,884.7804793372085,Male,North,11.0,Toys,45.50016185279725,2022-06-05,2023-06-01,361 days,New,mid,Low
1527,1528,30.0,104800.0,938.720847828924,Male,West,17.0,Clothing,98.62634645527724,2021-04-02,2021-11-14,226 days,New,young,Low
1528,1529,57.0,41700.0,1582.4103010645383,Female,South,44.0,Home & Garden,57.98938307492809,2021-03-18,2022-06-06,445 days,Regular,old,High
1529,1530,79.0,47100.0,1213.727907558762,Female,East,2.0,Home & Garden,63.25793642202861,2021-09-01,2022-12-17,472 days,Regular,Very Old,Medium
1530,1531,35.0,84900.0,1315.3565148174457,Female,South,6.0,Electronics,36.81635138512874,2022-10-29,2023-12-16,413 days,New,mid,Medium
1531,1532,42.0,64700.0,1996.435817177923,Male,East,9.0,Health,73.45201578474331,2022-12-31,2023-12-09,343 days,New,mid,High
1532,1533,50.0,104600.0,168.42088607062587,Female,East,5.0,Health,49.4885641104835,2022-10-24,2023-11-06,378 days,New,old,
1533,1534,64.0,108600.0,461.55945059679135,Male,East,20.0,Electronics,1.8066635095864148,2021-03-29,2023-06-03,796 days,Loyal,Very Old,
1536,1537,60.0,51500.0,62.8582114670275,Male,West,9.0,Toys,23.680177006045067,2021-04-05,2023-11-23,962 days,Very Old,old,
1537,1538,29.0,63400.0,201.7196608129281,Male,South,28.0,Clothing,22.10637550851846,2021-09-10,2022-02-23,166 days,Very New,young,
1538,1539,61.0,87500.0,1368.287516979081,Female,North,8.0,Health,60.88861831192705,2022-07-05,2022-07-05,0 days,Very New,old,Medium
1539,1540,53.0,64300.0,1761.06243745787,Male,North,31.0,Electronics,81.7979276425494,2022-02-03,2022-09-18,227 days,New,old,High
1540,1541,65.0,87300.0,1038.1694823066357,Female,South,20.0,Home & Garden,24.962033784357583,2021-02-23,2023-04-25,791 days,Loyal,Very Old,Medium
1541,1542,21.0,116300.0,1087.5983374369932,Male,South,27.0,Electronics,93.22626512430392,2021-08-31,2023-06-01,639 days,Regular,young,Medium
1542,1543,22.0,57900.0,525.0849970081113,Male,South,8.0,Health,92.7387356681549,2021-04-20,2022-12-21,610 days,Regular,young,Low
1543,1544,73.0,58500.0,1540.3951999947485,Female,South,21.0,Electronics,20.05366719079333,2022-09-16,2023-08-02,320 days,New,Very Old,High
1545,1546,25.0,63600.0,1184.9640646509602,Male,West,23.0,Electronics,70.05988109481615,2022-12-02,2023-03-20,108 days,Very New,young,Medium
1546,1547,59.0,97300.0,441.0752872924588,Female,East,6.0,Home & Garden,95.1733109024426,2021-08-09,2023-05-22,651 days,Loyal,old,
1547,1548,66.0,20500.0,212.0960721094371,Female,West,3.0,Electronics,70.98826887763147,2022-07-18,2023-05-17,303 days,New,Very Old,
1548,1549,45.0,113500.0,147.19238019710926,Male,West,5.0,Electronics,44.4900049820538,2021-06-11,2022-07-25,409 days,New,mid,
1549,1550,48.0,28900.0,1193.538211952898,Male,West,9.0,Home & Garden,16.90013464265031,2021-02-04,2022-09-26,599 days,Regular,mid,Medium
1550,1551,75.0,113400.0,1653.569931902744,Male,East,7.0,Electronics,46.10098488396211,2021-02-06,2022-09-24,595 days,Regular,Very Old,High
1551,1552,26.0,44300.0,1719.4942549262312,Female,South,4.0,Clothing,60.67677919705544,2022-09-15,2023-03-20,186 days,Very New,young,High
1553,1554,68.0,92100.0,1572.8571726272994,Female,East,5.0,Clothing,51.02578212000898,2021-06-26,2022-07-28,397 days,New,Very Old,High
1554,1555,46.0,112500.0,1894.8227887552268,Female,West,11.0,Toys,13.021412832870594,2022-06-05,2023-11-30,543 days,Regular,mid,High
1555,1556,31.0,67200.0,564.8368227263746,Male,North,15.0,Clothing,45.21881045125864,2021-10-02,2023-11-30,789 days,Loyal,young,Low
1556,1557,57.0,74200.0,807.9614858338992,Female,North,34.0,Toys,9.0775818929554,2022-09-25,2023-05-20,237 days,New,old,Low
1557,1558,58.0,34000.0,1864.328405341428,Male,East,13.0,Electronics,4.90887499489906,2021-04-15,2023-01-16,641 days,Loyal,old,High
1558,1559,39.0,48400.0,689.697315288224,Male,West,48.0,Home & Garden,85.72399155993273,2021-06-05,2023-11-05,883 days,Very Old,mid,Low
1559,1560,28.0,32900.0,1829.475054837157,Female,East,7.0,Home & Garden,20.508158414607493,2021-12-02,2023-07-26,601 days,Regular,young,High
1560,1561,40.0,79300.0,1962.4688272638425,Female,East,40.0,Health,57.51553291279333,2021-01-26,2023-08-17,933 days,Very Old,mid,High
1564,1565,38.0,93500.0,1405.0778300787372,Female,North,22.0,Toys,14.367643635477023,2021-03-10,2022-01-04,300 days,New,mid,Medium
1565,1566,43.0,35500.0,627.7235245028405,Male,North,25.0,Home & Garden,4.596229701111032,2021-11-23,2022-04-05,133 days,Very New,mid,Low
1566,1567,63.0,96300.0,133.04678905772855,Male,East,28.0,Toys,87.7159802018011,2021-05-31,2021-09-04,96 days,Very New,old,
1569,1570,40.0,107200.0,223.00781249104676,Female,North,3.0,Health,80.50721608281025,2021-11-16,2023-01-20,430 days,Regular,mid,
1572,1573,71.0,83800.0,1437.1571342933746,Male,South,15.0,Home & Garden,14.622574921791376,2022-10-30,2023-03-25,146 days,Very New,Very Old,Medium
1573,1574,72.0,58900.0,1946.131529279759,Female,West,26.0,Health,23.72817485967193,2021-04-22,2022-08-01,466 days,Regular,Very Old,High
1576,1577,32.0,78700.0,1741.3175559648478,Female,North,41.0,Home & Garden,7.344447015922317,2021-12-28,2022-02-10,44 days,Very New,young,High
1579,1580,26.0,45400.0,1154.0658552510718,Male,South,34.0,Health,19.92264426559749,2022-04-25,2022-09-30,158 days,Very New,young,Medium
1580,1581,70.0,23700.0,291.7097503014047,Female,North,5.0,Electronics,90.74710268385046,2021-01-04,2023-08-16,954 days,Very Old,Very Old,
1582,1583,27.0,54100.0,716.820946048918,Female,South,13.0,Home & Garden,85.68559213756336,2021-01-26,2022-03-08,406 days,New,young,Low
1583,1584,69.0,114900.0,903.3755277851956,Female,North,43.0,Health,17.780323811008124,2021-01-27,2022-06-09,498 days,Regular,Very Old,Low
1584,1585,74.0,34200.0,1349.8872573758397,Female,North,1.0,Electronics,86.1784846537704,2021-02-11,2023-01-13,701 days,Loyal,Very Old,Medium
1586,1587,43.0,88500.0,523.4331387580825,Male,North,15.0,Electronics,87.82066742268435,2021-03-05,2022-02-03,335 days,New,mid,Low
1587,1588,58.0,75800.0,1269.4777986750369,Female,East,26.0,Health,15.170364465152042,2021-01-25,2021-12-03,312 days,New,old,Medium
1588,1589,52.0,70100.0,69.46848291806191,Male,South,18.0,Health,76.2036551307826,2021-03-13,2021-04-29,47 days,Very New,old,
1590,1591,42.0,28800.0,1037.7662723554895,Female,East,9.0,Health,54.293338739296246,2021-09-25,2022-08-03,312 days,New,mid,Medium
1591,1592,43.0,105200.0,1219.3923864314502,Female,West,1.0,Health,81.0587344410973,2021-04-05,2021-11-01,210 days,Very New,mid,Medium
1594,1595,19.0,96300.0,1173.4168793326571,Female,South,23.0,Health,38.10621467855661,2021-11-11,2023-11-10,729 days,Loyal,young,Medium
1595,1596,24.0,56200.0,1373.9006377619517,Male,West,43.0,Toys,58.9923178273815,2021-04-27,2022-09-15,506 days,Regular,young,Medium
1596,1597,35.0,30300.0,1511.1753174157548,Male,North,45.0,Home & Garden,87.06008425757116,2021-06-13,2022-10-20,494 days,Regular,mid,High
1597,1598,44.0,83100.0,1460.3557347465185,Male,East,2.0,Home & Garden,21.481406410413463,2022-07-31,2022-12-05,127 days,Very New,mid,Medium
1598,1599,51.0,108900.0,1741.840586309878,Male,East,14.0,Toys,48.57413566168543,2021-11-02,2023-06-02,577 days,Regular,old,High
1599,1600,44.0,76800.0,395.0979976714575,Female,West,38.0,Electronics,96.0741821728669,2021-07-19,2022-06-08,324 days,New,mid,
1600,1601,34.0,41600.0,814.2729795937591,Male,East,40.0,Clothing,47.36018014946845,2021-06-29,2021-08-05,37 days,Very New,mid,Low
1601,1602,60.0,51400.0,1896.636210708625,Female,West,18.0,Health,25.28294451955403,2021-12-24,2023-09-17,632 days,Regular,old,High
1602,1603,76.0,65300.0,805.2493372849328,Female,North,16.0,Electronics,35.10762387432382,2021-09-09,2022-01-10,123 days,Very New,Very Old,Low
1604,1605,76.0,107900.0,1060.3813501971156,Female,North,44.0,Clothing,95.48830387675504,2022-03-06,2023-02-15,346 days,New,Very Old,Medium
1608,1609,42.0,104400.0,1091.898024024341,Female,East,14.0,Electronics,18.268893490734182,2021-09-11,2021-11-01,51 days,Very New,mid,Medium
1609,1610,24.0,42700.0,582.4356103000495,Male,North,2.0,Health,12.322101207046456,2022-10-27,2023-02-05,101 days,Very New,young,Low
1612,1613,70.0,89200.0,892.6633013468418,Male,West,11.0,Electronics,87.8116722105682,2021-04-06,2023-10-26,933 days,Very Old,Very Old,Low
1613,1614,41.0,101100.0,535.5981554000587,Male,South,22.0,Clothing,80.90863158033444,2021-06-16,2022-07-12,391 days,New,mid,Low
1614,1615,50.0,56800.0,1680.0312834225365,Female,South,3.0,Clothing,56.78213805004708,2021-11-27,2022-05-24,178 days,Very New,old,High
1615,1616,66.0,39800.0,1436.929019604136,Female,North,31.0,Toys,99.8723254537714,2021-03-03,2023-08-29,909 days,Very Old,Very Old,Medium
1616,1617,46.0,44600.0,1380.1440413069504,Male,South,33.0,Home & Garden,95.3052072201641,2021-06-23,2023-10-23,852 days,Loyal,mid,Medium
1621,1622,67.0,40100.0,625.5107523416547,Female,North,37.0,Toys,15.774367288552726,2021-08-27,2022-05-19,265 days,New,Very Old,Low
1622,1623,38.0,63500.0,1523.2931797208505,Female,North,27.0,Health,39.8451304246189,2022-02-19,2022-11-25,279 days,New,mid,High
1623,1624,66.0,94700.0,1247.1007518933006,Female,North,38.0,Toys,94.26481084327509,2022-11-06,2023-08-17,284 days,New,Very Old,Medium
1627,1628,58.0,101100.0,670.5698528099426,Female,North,12.0,Clothing,60.236417412747215,2021-07-16,2022-04-28,286 days,New,old,Low
1628,1629,66.0,105900.0,1212.4674787069694,Male,South,3.0,Clothing,19.380424246791584,2022-09-26,2023-10-25,394 days,New,Very Old,Medium
1629,1630,37.0,103600.0,658.2031524494613,Male,West,30.0,Health,19.658658758196022,2022-02-17,2022-09-19,214 days,New,mid,Low
1631,1632,39.0,32300.0,160.1670433021254,Female,East,23.0,Clothing,24.3281072862212,2021-02-23,2021-12-17,297 days,New,mid,
1632,1633,45.0,88400.0,1327.5687397437343,Female,North,2.0,Health,83.8192034783584,2022-10-09,2022-10-11,2 days,Very New,mid,Medium
1633,1634,78.0,43900.0,1622.2057112403477,Female,North,7.0,Toys,47.03238255459795,2021-12-05,2023-06-20,562 days,Regular,Very Old,High
1636,1637,24.0,45300.0,1901.6078871976388,Female,West,39.0,Clothing,77.38257968923308,2021-04-10,2022-03-01,325 days,New,young,High
1637,1638,18.0,75900.0,613.8782098001659,Male,North,32.0,Electronics,88.06608784415548,2021-08-22,2022-04-09,230 days,New,young,Low
1638,1639,49.0,87800.0,57.952417299456,Male,West,43.0,Health,26.112746155908027,2022-06-28,2022-12-25,180 days,Very New,old,
1639,1640,30.0,105700.0,875.3389554976129,Female,South,43.0,Clothing,9.509666934911396,2021-03-03,2023-03-05,732 days,Loyal,young,Low
1641,1642,40.0,73600.0,1908.7947700022892,Female,East,3.0,Toys,79.28035347662441,2022-06-26,2022-06-27,1 days,Very New,mid,High
1642,1643,68.0,105800.0,435.637730581142,Male,East,46.0,Home & Garden,43.58269113196258,2021-04-16,2022-05-24,403 days,New,Very Old,
1643,1644,76.0,48500.0,1582.0755074187814,Female,East,32.0,Health,13.191465841072292,2021-10-22,2022-07-18,269 days,New,Very Old,High
1645,1646,36.0,119000.0,451.1032213722084,Male,North,36.0,Toys,51.4235482853053,2022-03-27,2023-11-28,611 days,Regular,mid,
1647,1648,49.0,40100.0,115.19635760317142,Female,South,48.0,Home & Garden,64.1743254225175,2021-06-05,2023-10-14,861 days,Very Old,old,
1648,1649,47.0,40400.0,977.4776796936576,Male,South,3.0,Toys,17.603280108000074,2022-02-10,2022-03-20,38 days,Very New,mid,Low
1653,1654,47.0,95800.0,432.0499485008181,Male,East,3.0,Health,40.145382030377206,2022-01-10,2022-03-10,59 days,Very New,mid,
1655,1656,57.0,86700.0,521.6912096820822,Female,West,10.0,Electronics,50.91083323914359,2022-03-31,2023-04-02,367 days,New,old,Low
1656,1657,36.0,83900.0,1792.2515871404532,Male,South,9.0,Toys,70.89568037628477,2021-07-21,2023-03-27,614 days,Regular,mid,High
1658,1659,18.0,71400.0,714.539693560418,Female,East,46.0,Electronics,80.24027817219871,2021-07-06,2021-09-08,64 days,Very New,young,Low
1659,1660,31.0,83300.0,1668.7336177718516,Male,East,11.0,Electronics,62.93625638701175,2022-08-31,2023-05-19,261 days,New,young,High
1660,1661,68.0,35500.0,996.9452668185224,Female,East,33.0,Home & Garden,78.79702674082638,2022-12-25,2023-05-18,144 days,Very New,Very Old,Low
1661,1662,64.0,44800.0,1825.0331691427816,Female,North,36.0,Clothing,69.67822735646749,2022-01-03,2023-06-15,528 days,Regular,Very Old,High
1663,1664,19.0,118200.0,347.53190121425047,Male,South,27.0,Clothing,5.235445018579876,2021-09-19,2023-05-23,611 days,Regular,young,
1666,1667,66.0,29300.0,1814.152321532409,Female,West,26.0,Toys,72.69322966314722,2022-07-05,2022-09-25,82 days,Very New,Very Old,High
1667,1668,67.0,106200.0,129.781566693606,Male,East,22.0,Toys,72.4205822695949,2021-11-02,2021-12-28,56 days,Very New,Very Old,
1668,1669,47.0,54700.0,1669.4078426033184,Male,West,5.0,Toys,27.014708049410952,2022-12-27,2023-11-20,328 days,New,mid,High
1669,1670,55.0,111400.0,926.4537664672292,Male,East,35.0,Health,54.24417088818328,2022-09-30,2023-07-08,281 days,New,old,Low
1670,1671,68.0,107500.0,532.7439779494509,Female,East,2.0,Home & Garden,99.22396637046084,2021-06-14,2023-06-13,729 days,Loyal,Very Old,Low
1671,1672,21.0,84800.0,1759.9181168803211,Male,South,35.0,Clothing,85.61435980700195,2022-09-13,2022-09-29,16 days,Very New,young,High
1672,1673,18.0,63400.0,409.4011201328084,Female,South,9.0,Toys,30.439435255199665,2021-03-29,2023-01-17,659 days,Loyal,young,
1673,1674,25.0,84600.0,1895.6539988517325,Female,South,49.0,Health,30.10458656978904,2021-07-19,2022-11-14,483 days,Regular,young,High
1674,1675,46.0,54600.0,427.13054564469536,Female,South,18.0,Health,48.35772911480591,2021-09-28,2023-09-30,732 days,Loyal,mid,
1676,1677,56.0,104700.0,461.7109423673703,Female,North,12.0,Home & Garden,37.11530462801746,2022-05-04,2022-11-24,204 days,Very New,old,
1677,1678,20.0,83100.0,1100.4239566378967,Female,South,3.0,Toys,62.69719088061033,2021-07-17,2021-08-03,17 days,Very New,young,Medium
1678,1679,49.0,98600.0,1374.2707572319798,Male,West,18.0,Health,1.149246963353756,2021-01-23,2021-04-28,95 days,Very New,old,Medium
1680,1681,27.0,22900.0,1051.3538497473448,Female,South,7.0,Toys,74.0052996675785,2021-08-11,2023-06-10,668 days,Loyal,young,Medium
1681,1682,36.0,66100.0,948.7382938924356,Male,North,33.0,Home & Garden,83.03256805947012,2021-08-09,2022-03-20,223 days,New,mid,Low
1683,1684,51.0,42700.0,1640.2494789970997,Male,West,18.0,Clothing,56.63996947604685,2021-09-23,2023-04-09,563 days,Regular,old,High
1685,1686,50.0,96100.0,1157.6727511527215,Female,West,22.0,Electronics,49.23951254805192,2021-03-18,2022-05-04,412 days,New,old,Medium
1686,1687,40.0,86700.0,1039.272785167606,Male,West,39.0,Electronics,95.15298364183003,2022-06-28,2022-08-02,35 days,Very New,mid,Medium
1687,1688,72.0,119100.0,1036.2557990494756,Female,West,9.0,Home & Garden,19.069852978743477,2022-03-11,2023-01-12,307 days,New,Very Old,Medium
1688,1689,45.0,100100.0,232.30034053280517,Female,West,35.0,Health,91.56170920738992,2021-03-06,2021-06-17,103 days,Very New,mid,
1689,1690,49.0,109400.0,858.4943783136789,Female,North,23.0,Electronics,25.85303612677231,2021-12-23,2023-08-19,604 days,Regular,old,Low
1690,1691,67.0,63000.0,915.686183229009,Male,East,12.0,Electronics,10.272337368685204,2021-01-18,2021-07-19,182 days,Very New,Very Old,Low
1691,1692,24.0,83900.0,1472.612823921608,Male,South,24.0,Toys,43.91044474069674,2022-11-07,2023-05-14,188 days,Very New,young,Medium
1692,1693,46.0,65700.0,1683.237287202983,Male,West,40.0,Health,61.49172424160594,2022-07-20,2023-01-24,188 days,Very New,mid,High
1693,1694,25.0,27900.0,1099.0649106380356,Male,North,9.0,Health,23.098987319995224,2022-07-29,2023-11-03,462 days,Regular,young,Medium
1694,1695,18.0,81900.0,191.83024904868117,Male,East,13.0,Toys,55.57962411442978,2022-03-12,2023-02-13,338 days,New,young,
1696,1697,72.0,22200.0,346.5693731684075,Male,East,42.0,Clothing,25.70849658037228,2021-01-09,2021-03-12,62 days,Very New,Very Old,
1697,1698,20.0,63800.0,266.737825114467,Male,North,17.0,Home & Garden,58.0322245914203,2022-04-15,2023-09-20,523 days,Regular,young,
1699,1700,40.0,28300.0,474.1991342656764,Female,North,17.0,Electronics,52.97684675304802,2021-12-14,2023-03-23,464 days,Regular,mid,
1702,1703,25.0,40700.0,54.986688694959085,Female,South,35.0,Clothing,99.4482882452134,2021-06-24,2023-09-15,813 days,Loyal,young,
1704,1705,74.0,62400.0,360.9510092587935,Female,East,19.0,Clothing,82.44615590929388,2021-05-10,2021-05-25,15 days,Very New,Very Old,
1708,1709,68.0,33900.0,861.0710162178889,Female,East,46.0,Health,22.255370972767096,2021-12-19,2023-07-15,573 days,Regular,Very Old,Low
1709,1710,50.0,80400.0,696.662707805336,Female,North,45.0,Health,48.74111778902902,2021-08-12,2022-09-01,385 days,New,old,Low
1713,1714,51.0,83400.0,1377.5904635450947,Female,South,42.0,Health,12.76023083151414,2022-01-03,2022-06-26,174 days,Very New,old,Medium
1715,1716,49.0,65100.0,280.97752319542514,Female,West,18.0,Toys,16.723378336607542,2022-08-13,2023-06-19,310 days,New,old,
1716,1717,41.0,67000.0,1776.3446340049843,Male,East,19.0,Toys,58.60059530346196,2022-10-14,2023-12-23,435 days,Regular,mid,High
1717,1718,31.0,100600.0,564.5490495258396,Female,North,5.0,Toys,91.7541081596636,2022-05-15,2023-11-22,556 days,Regular,young,Low
1718,1719,49.0,111600.0,462.7529871894762,Male,East,25.0,Clothing,25.511138716643835,2021-03-31,2022-07-17,473 days,Regular,old,
1720,1721,63.0,34300.0,1637.8720563501872,Male,South,10.0,Electronics,17.577251004746074,2021-03-13,2023-10-19,950 days,Very Old,old,High
1724,1725,69.0,67100.0,175.03730754952383,Male,North,31.0,Health,65.51818136768675,2021-09-20,2023-11-09,780 days,Loyal,Very Old,
1725,1726,54.0,40000.0,1155.3950142042088,Male,East,32.0,Clothing,57.91279167555102,2021-09-28,2021-12-23,86 days,Very New,old,Medium
1726,1727,71.0,30800.0,214.722944748622,Female,South,21.0,Clothing,14.00004827007425,2022-05-24,2023-08-17,450 days,Regular,Very Old,
1728,1729,31.0,105000.0,1882.1844530557607,Female,East,18.0,Electronics,67.13910048249883,2022-09-09,2022-10-28,49 days,Very New,young,High
1729,1730,48.0,81300.0,1906.612090557757,Female,East,1.0,Toys,1000.0,2022-02-24,2023-02-20,361 days,New,mid,High
1730,1731,72.0,36700.0,493.87792736377,Female,North,14.0,Home & Garden,90.8074402529591,2021-03-13,2023-03-02,719 days,Loyal,Very Old,
1731,1732,65.0,47100.0,1255.7445716903958,Female,South,8.0,Clothing,81.3611515346117,2021-03-15,2022-05-07,418 days,New,Very Old,Medium
1733,1734,24.0,27500.0,1753.8565526204898,Male,East,15.0,Clothing,40.82518041651354,2022-05-18,2023-09-14,484 days,Regular,young,High
1735,1736,24.0,63900.0,27.33076552818536,Male,South,36.0,Toys,2.818405234511689,2021-05-26,2023-02-19,634 days,Regular,young,
1736,1737,50.0,37000.0,341.8711877442019,Male,West,1.0,Toys,44.98958559880934,2021-02-15,2021-05-17,91 days,Very New,old,
1737,1738,40.0,57800.0,712.0551463154081,Female,South,21.0,Health,65.13715524132326,2021-04-15,2021-08-14,121 days,Very New,mid,Low
1739,1740,36.0,77200.0,1586.898579863314,Female,West,1.0,Clothing,26.74553827743703,2021-11-13,2023-03-23,495 days,Regular,mid,High
1740,1741,65.0,57600.0,1367.5101189548989,Male,North,32.0,Clothing,51.359127636929045,2021-05-01,2022-03-21,324 days,New,Very Old,Medium
1742,1743,36.0,999999.0,926.3327579891024,Female,West,47.0,Clothing,55.16028659840939,2021-02-12,2021-05-08,85 days,Very New,mid,Low
1743,1744,53.0,23900.0,209.20702583750372,Male,East,36.0,Clothing,27.40207174024077,2021-04-09,2021-09-24,168 days,Very New,old,
1745,1746,77.0,100500.0,1872.1411524080977,Female,North,30.0,Toys,17.33610124719337,2021-11-07,2023-07-17,617 days,Regular,Very Old,High
1746,1747,35.0,54200.0,1960.0110000542572,Male,West,7.0,Electronics,90.4979833786364,2021-08-02,2021-08-02,0 days,Very New,mid,High
1749,1750,64.0,105100.0,111.46903673922507,Female,West,10.0,Clothing,37.61817904859518,2022-01-24,2023-12-01,676 days,Loyal,Very Old,
1750,1751,22.0,97200.0,1167.6015202770946,Female,East,8.0,Clothing,74.32782589171941,2022-11-28,2022-12-18,20 days,Very New,young,Medium
1751,1752,37.0,73500.0,1826.9579532285584,Female,East,27.0,Electronics,45.62885985520006,2021-04-22,2021-05-23,31 days,Very New,mid,High
1753,1754,59.0,77800.0,33.94497095580088,Female,North,14.0,Clothing,91.9876727675241,2021-04-12,2022-07-19,463 days,Regular,old,
1755,1756,20.0,110500.0,172.05545488773333,Male,West,11.0,Toys,20.34951005403113,2021-01-22,2021-02-02,11 days,Very New,young,
1758,1759,29.0,97800.0,488.8592192032367,Female,West,33.0,Clothing,20.602199968160782,2022-02-04,2022-11-19,288 days,New,young,
1759,1760,37.0,105100.0,186.24587562451887,Male,South,19.0,Home & Garden,54.57313273906327,2022-03-30,2023-04-10,376 days,New,mid,
1760,1761,22.0,40500.0,1544.6420323425407,Male,North,39.0,Home & Garden,39.104229218946905,2022-11-30,2023-10-08,312 days,New,young,High
1761,1762,54.0,115800.0,1267.746668076342,Female,West,24.0,Toys,57.29932782532223,2021-05-23,2023-04-30,707 days,Loyal,old,Medium
1762,1763,55.0,65500.0,1977.2111592838733,Female,West,18.0,Home & Garden,99.68254368112405,2022-02-01,2023-01-03,336 days,New,old,High
1763,1764,47.0,80200.0,701.7299059735194,Male,East,35.0,Health,85.90181543707683,2022-06-20,2023-04-25,309 days,New,mid,Low
1765,1766,51.0,46600.0,1474.0130699638855,Female,West,37.0,Toys,5.055570953738975,2021-08-28,2022-09-27,395 days,New,old,Medium
1766,1767,70.0,42500.0,1053.0321693294263,Male,West,19.0,Clothing,61.00794401312446,2021-10-19,2023-10-29,740 days,Loyal,Very Old,Medium
1767,1768,61.0,113600.0,442.1437841504874,Male,North,24.0,Clothing,62.6256081132298,2021-03-23,2022-02-07,321 days,New,old,
1768,1769,52.0,71100.0,1567.8233982294237,Female,East,34.0,Toys,87.81908440759933,2022-07-14,2023-07-17,368 days,New,old,High
1769,1770,69.0,77700.0,423.4358619828886,Male,West,22.0,Clothing,62.90571745218257,2021-06-20,2022-09-19,456 days,Regular,Very Old,
1770,1771,75.0,81000.0,536.1100765692145,Female,North,4.0,Electronics,22.77145385157423,2022-08-03,2022-09-09,37 days,Very New,Very Old,Low
1771,1772,39.0,55600.0,203.2065376461039,Female,West,10.0,Health,46.85162277036509,2022-06-10,2023-09-08,455 days,Regular,mid,
1773,1774,41.0,43100.0,849.4798633960895,Male,West,8.0,Electronics,92.28249645983716,2021-04-20,2023-12-13,967 days,Very Old,mid,Low
1774,1775,34.0,45800.0,1038.8323448896308,Male,North,33.0,Electronics,23.691511896670917,2021-07-31,2021-09-04,35 days,Very New,mid,Medium
1777,1778,73.0,36600.0,292.7135157978611,Male,West,28.0,Home & Garden,49.699969892756926,2022-12-15,2023-03-10,85 days,Very New,Very Old,
1778,1779,76.0,109300.0,127.60923473034096,Male,South,10.0,Clothing,9.011412074950108,2021-03-25,2022-07-02,464 days,Regular,Very Old,
1779,1780,63.0,106600.0,56.69184251677991,Male,West,45.0,Toys,94.17280699504742,2022-01-11,2023-06-10,515 days,Regular,old,
1780,1781,40.0,27300.0,304.37032857625616,Female,East,1.0,Home & Garden,63.80564582826155,2021-02-22,2022-12-30,676 days,Loyal,mid,
1782,1783,34.0,105800.0,1460.4046144330634,Male,East,3.0,Health,99.82951741819063,2021-09-13,2021-10-31,48 days,Very New,mid,Medium
1784,1785,68.0,25200.0,502.5422595705985,Male,North,5.0,Home & Garden,69.41434149596486,2021-08-08,2022-11-14,463 days,Regular,Very Old,Low
1786,1787,31.0,110500.0,976.606598219689,Female,West,10.0,Clothing,57.593816741179005,2021-04-10,2022-08-26,503 days,Regular,young,Low
1787,1788,26.0,22800.0,145.10253178324848,Male,East,12.0,Clothing,63.969637836656105,2021-05-09,2023-07-11,793 days,Loyal,young,
1788,1789,57.0,38400.0,1230.0602159582677,Male,North,18.0,Health,40.76710895171374,2021-08-07,2023-08-29,752 days,Loyal,old,Medium
1791,1792,42.0,65100.0,1510.6380006809402,Male,North,1.0,Clothing,47.66196381514484,2021-01-22,2021-05-11,109 days,Very New,mid,High
1795,1796,39.0,67200.0,613.7510515192486,Male,West,49.0,Clothing,19.25216409376017,2021-11-25,2023-07-23,605 days,Regular,mid,Low
1797,1798,63.0,117100.0,1277.1608656331327,Female,East,17.0,Health,2.0994070851453883,2022-04-25,2022-10-06,164 days,Very New,old,Medium
1799,1800,43.0,28800.0,702.6441384617508,Male,North,32.0,Toys,78.14446038844386,2021-06-28,2023-03-23,633 days,Regular,mid,Low
1802,1803,62.0,89100.0,1630.9454504673647,Female,North,40.0,Clothing,92.1540943196774,2021-02-18,2023-03-05,745 days,Loyal,old,High
1803,1804,51.0,32300.0,1435.6065906325186,Male,South,21.0,Home & Garden,11.907100073451916,2021-01-30,2021-12-18,322 days,New,old,Medium
1804,1805,40.0,47200.0,512.6181862312328,Male,East,7.0,Clothing,16.313987622788297,2021-03-26,2023-11-03,952 days,Very Old,mid,Low
1807,1808,23.0,107600.0,1261.0056284460993,Female,South,39.0,Health,77.5477743005945,2021-11-25,2023-12-11,746 days,Loyal,young,Medium
1808,1809,35.0,108500.0,77.02633748210702,Female,West,27.0,Health,32.41212723323197,2022-09-02,2023-02-20,171 days,Very New,mid,
1809,1810,38.0,99000.0,1294.5652165233928,Female,West,8.0,Electronics,8.763581778273489,2022-03-10,2022-11-12,247 days,New,mid,Medium
1810,1811,59.0,53000.0,568.7458167092525,Male,West,9.0,Clothing,61.63800261488341,2022-08-11,2023-07-22,345 days,New,old,Low
1811,1812,53.0,31200.0,910.3604148237656,Female,West,28.0,Electronics,25.681916580565236,2022-11-18,2023-05-11,174 days,Very New,old,Low
1813,1814,55.0,51900.0,362.0583773674956,Female,North,2.0,Clothing,94.1803359600977,2021-05-14,2021-10-27,166 days,Very New,old,
1815,1816,34.0,62800.0,1766.3115991784027,Female,West,47.0,Electronics,92.38344364233642,2021-12-31,2023-09-05,613 days,Regular,mid,High
1817,1818,42.0,97700.0,400.8457990447519,Male,West,22.0,Health,63.33513372887707,2022-03-01,2023-03-11,375 days,New,mid,
1818,1819,55.0,53900.0,1440.3980926446873,Female,East,10.0,Health,89.38899739469642,2022-02-19,2022-06-18,119 days,Very New,old,Medium
1820,1821,29.0,115200.0,699.8880233576537,Female,North,7.0,Clothing,61.48986770271042,2022-05-27,2023-07-20,419 days,New,young,Low
1822,1823,70.0,40600.0,1385.786669679475,Female,East,14.0,Toys,88.2107757188253,2022-01-23,2023-08-24,578 days,Regular,Very Old,Medium
1823,1824,59.0,105800.0,1892.0798239078104,Female,West,44.0,Home & Garden,8.818006124085297,2022-03-25,2022-12-02,252 days,New,old,High
1824,1825,39.0,27300.0,1271.5978413929895,Female,North,46.0,Health,33.685938217608694,2022-07-18,2023-01-24,190 days,Very New,mid,Medium
1825,1826,38.0,87500.0,881.8795938915155,Male,East,36.0,Home & Garden,39.76847260806038,2021-10-30,2022-07-29,272 days,New,mid,Low
1826,1827,44.0,109300.0,1059.8047103410242,Female,South,13.0,Home & Garden,90.97096653891778,2021-04-09,2023-08-15,858 days,Very Old,mid,Medium
1827,1828,74.0,39500.0,415.2650391666367,Male,West,16.0,Electronics,95.60079245162014,2021-11-02,2023-10-14,711 days,Loyal,Very Old,
1828,1829,48.0,111200.0,1506.0774442324005,Female,East,16.0,Electronics,12.038046466512476,2022-07-11,2023-02-10,214 days,New,mid,High
1830,1831,44.0,33700.0,308.1242547671014,Female,South,25.0,Home & Garden,93.48617942523624,2022-04-13,2022-07-11,89 days,Very New,mid,
1831,1832,57.0,53000.0,1758.397197349325,Male,East,38.0,Toys,29.57719013825927,2022-03-16,2023-06-30,471 days,Regular,old,High
1834,1835,62.0,33100.0,778.1479677937467,Male,North,39.0,Electronics,27.559593477064904,2021-02-02,2022-06-07,490 days,Regular,old,Low
1835,1836,74.0,86300.0,372.21043629430926,Female,West,48.0,Health,69.35264272259883,2022-02-16,2023-08-18,548 days,Regular,Very Old,
1836,1837,70.0,104500.0,716.4058204643916,Female,East,41.0,Health,42.60361627395617,2022-09-18,2023-06-29,284 days,New,Very Old,Low
1838,1839,27.0,41700.0,157.22939061582375,Male,South,13.0,Electronics,91.72955966148854,2022-05-23,2023-10-09,504 days,Regular,young,
1843,1844,45.0,55100.0,1091.6516645789836,Female,South,4.0,Home & Garden,26.373418694503247,2021-11-25,2022-12-18,388 days,New,mid,Medium
1845,1846,75.0,56200.0,1408.2655555339738,Female,East,22.0,Health,31.027783577566023,2021-09-27,2022-01-06,101 days,Very New,Very Old,Medium
1846,1847,63.0,61600.0,130.34141168794926,Female,North,37.0,Clothing,64.78087980219112,2021-07-15,2023-09-08,785 days,Loyal,old,
1847,1848,19.0,45700.0,1825.2211397164328,Female,North,49.0,Toys,6.121150698897937,2022-02-17,2022-11-30,286 days,New,young,High
1849,1850,71.0,20200.0,1024.6317348686111,Female,South,19.0,Electronics,13.387296911274516,2021-03-20,2022-10-27,586 days,Regular,Very Old,Medium
1851,1852,18.0,55000.0,278.7318082182595,Male,East,29.0,Toys,38.06630043099653,2021-03-24,2023-01-02,649 days,Loyal,young,
1852,1853,68.0,73400.0,596.178791338033,Female,East,23.0,Electronics,52.757219321945925,2021-05-17,2021-07-11,55 days,Very New,Very Old,Low
1853,1854,70.0,32200.0,1740.5390279413746,Female,North,33.0,Electronics,2.931760877878597,2022-06-23,2023-04-16,297 days,New,Very Old,High
1854,1855,53.0,95300.0,1810.816566893738,Male,East,41.0,Toys,5.826431354105233,2022-11-20,2023-12-07,382 days,New,old,High
1856,1857,43.0,105100.0,1196.3900551255515,Female,East,5.0,Electronics,76.6770545141332,2021-11-02,2022-12-28,421 days,New,mid,Medium
1858,1859,38.0,54000.0,1245.1190252660604,Male,East,6.0,Toys,73.70186364578602,2022-01-23,2022-11-27,308 days,New,mid,Medium
1861,1862,28.0,61400.0,515.6737294151444,Male,West,49.0,Clothing,18.174758268909365,2022-05-21,2023-12-06,564 days,Regular,young,Low
1862,1863,53.0,90500.0,1666.8147699840774,Male,South,13.0,Home & Garden,9.80154318767854,2022-01-23,2022-01-28,5 days,Very New,old,High
1863,1864,66.0,44700.0,937.1348838916624,Male,East,12.0,Home & Garden,75.71608304548411,2021-10-20,2023-08-12,661 days,Loyal,Very Old,Low
1866,1867,57.0,24200.0,1281.4300599323367,Female,South,37.0,Electronics,80.55734528147534,2022-03-05,2023-02-16,348 days,New,old,Medium
1867,1868,52.0,46400.0,1799.3620490742744,Male,West,31.0,Home & Garden,99.10881551216158,2022-06-08,2022-12-09,184 days,Very New,old,High
1869,1870,51.0,90400.0,315.88379186622257,Female,East,45.0,Food,96.51525524330386,2021-11-08,2022-04-18,161 days,Very New,old,
1871,1872,64.0,65900.0,928.2361290217256,Female,West,43.0,Health,81.32531573450204,2021-01-14,2021-09-20,249 days,New,Very Old,Low
1872,1873,41.0,99800.0,379.6302153200673,Female,East,8.0,Clothing,65.016918158767,2021-02-23,2023-11-21,1001 days,Very Old,mid,
1874,1875,39.0,48000.0,120.58912758410564,Female,East,33.0,Home & Garden,70.36189940216879,2021-03-06,2022-07-22,503 days,Regular,mid,
1875,1876,22.0,104900.0,947.2351710836426,Female,East,45.0,Health,32.02586645129828,2022-01-07,2022-04-25,108 days,Very New,young,Low
1876,1877,73.0,105900.0,1709.1937803822684,Male,East,29.0,Electronics,92.42715234919126,2022-05-18,2023-05-17,364 days,New,Very Old,High
1877,1878,50.0,90600.0,1868.489302893245,Female,West,5.0,Home & Garden,11.52925720557787,2022-07-24,2023-10-26,459 days,Regular,old,High
1878,1879,75.0,76200.0,1866.5523708572143,Female,West,28.0,Electronics,31.803118408646213,2021-04-06,2022-12-09,612 days,Regular,Very Old,High
1880,1881,64.0,30600.0,776.4666873718928,Male,North,17.0,Toys,27.132304764609174,2021-09-17,2023-11-17,791 days,Loyal,Very Old,Low
1883,1884,52.0,20400.0,730.3364088021222,Male,South,9.0,Toys,49.17740638486221,2021-05-07,2021-11-27,204 days,Very New,old,Low
1886,1887,34.0,33800.0,871.0924460914476,Male,North,49.0,Electronics,26.18505314084142,2021-09-25,2022-09-05,345 days,New,mid,Low
1889,1890,62.0,72900.0,1929.6866855472315,Female,West,30.0,Health,30.501864885946816,2021-04-04,2022-04-17,378 days,New,old,High
1892,1893,26.0,21500.0,1946.2314341468443,Female,North,10.0,Home & Garden,69.93971074657895,2021-03-12,2023-03-26,744 days,Loyal,young,High
1895,1896,70.0,36900.0,218.9059483683175,Male,North,26.0,Health,15.697839513065617,2022-01-02,2022-12-03,335 days,New,Very Old,
1896,1897,26.0,47800.0,1028.1327718139532,Female,North,1.0,Electronics,68.21401728913017,2022-09-12,2023-04-18,218 days,New,young,Medium
1898,1899,57.0,84900.0,825.6588941534432,Male,East,38.0,Health,18.111204951673976,2022-02-14,2023-02-21,372 days,New,old,Low
1902,1903,78.0,106000.0,1605.0614881509605,Female,South,18.0,Home & Garden,13.551060249483893,2021-04-20,2023-12-22,976 days,Very Old,Very Old,High
1903,1904,60.0,63600.0,1694.3713414163544,Male,East,1.0,Clothing,49.39188341688355,2022-11-03,2023-06-02,211 days,Very New,old,High
1904,1905,57.0,31900.0,40000.0,Female,East,3.0,Toys,15.264153092617006,2021-03-30,2022-05-22,418 days,New,old,VIP
1906,1907,42.0,31300.0,429.4593985674053,Female,West,48.0,Toys,0.4360503341518607,2021-09-29,2023-07-25,664 days,Loyal,mid,
1911,1912,54.0,57400.0,612.9262933898242,Male,North,25.0,Toys,36.7531947928117,2021-12-11,2022-07-27,228 days,New,old,Low
1913,1914,61.0,92900.0,1995.9953620053557,Male,North,12.0,Electronics,74.14517680393581,2021-03-08,2022-11-14,616 days,Regular,old,High
1915,1916,47.0,107100.0,827.7168803683253,Female,East,25.0,Toys,93.67135596314982,2021-02-12,2023-04-17,794 days,Loyal,mid,Low
1918,1919,29.0,112100.0,1489.2044547219252,Male,East,29.0,Toys,60.97114892418672,2021-08-22,2022-08-28,371 days,New,young,Medium
1919,1920,36.0,117600.0,82.39582530277895,Male,West,11.0,Toys,59.48770094341834,2021-07-18,2022-04-10,266 days,New,mid,
1920,1921,54.0,36600.0,260.7784135091531,Female,North,4.0,Clothing,51.00983336748071,2022-05-12,2022-11-22,194 days,Very New,old,
1921,1922,61.0,87000.0,1273.508550462552,Female,North,14.0,Clothing,0.4353191494264496,2021-02-01,2023-10-08,979 days,Very Old,old,Medium
1922,1923,76.0,39600.0,1800.0674856459782,Female,West,46.0,Electronics,55.52382299059985,2021-09-21,2023-10-11,750 days,Loyal,Very Old,High
1923,1924,76.0,30900.0,1255.0125776534394,Female,East,38.0,Health,93.2798056872979,2021-04-23,2021-06-12,50 days,Very New,Very Old,Medium
1924,1925,66.0,92600.0,285.3692907516037,Female,North,17.0,Electronics,33.45776891128629,2022-04-04,2022-11-30,240 days,New,Very Old,
1925,1926,78.0,43700.0,249.2048915677228,Male,South,2.0,Electronics,96.75991933202504,2021-10-03,2021-10-22,19 days,Very New,Very Old,
1926,1927,34.0,20900.0,1691.4880737316817,Female,East,8.0,Clothing,35.675667919769424,2021-05-26,2022-08-02,433 days,Regular,mid,High
1927,1928,27.0,51900.0,295.8186306416703,Female,West,36.0,Clothing,13.985450251781783,2021-12-23,2022-12-02,344 days,New,young,
1928,1929,74.0,105100.0,1050.0592817979702,Male,East,10.0,Health,39.84034149271385,2021-01-06,2021-10-29,296 days,New,Very Old,Medium
1930,1931,66.0,102000.0,179.7261394345312,Female,South,36.0,Health,62.94644101765912,2022-05-09,2022-10-31,175 days,Very New,Very Old,
1931,1932,64.0,106800.0,1351.2495699328724,Female,North,16.0,Toys,50.48781620223341,2021-04-18,2021-07-14,87 days,Very New,Very Old,Medium
1932,1933,29.0,46100.0,1384.579192646483,Female,South,14.0,Home & Garden,53.67186274062181,2021-03-12,2023-04-22,771 days,Loyal,young,Medium
1933,1934,79.0,97800.0,696.1094250847159,Male,East,16.0,Clothing,2.406703835760537,2021-12-06,2021-12-17,11 days,Very New,Very Old,Low
1935,1936,41.0,27900.0,1631.1463360994696,Male,South,41.0,Home & Garden,31.0696657939172,2021-04-10,2021-07-19,100 days,Very New,mid,High
1936,1937,36.0,110600.0,449.8643943503829,Male,North,4.0,Clothing,98.7088537881449,2021-11-23,2023-06-03,557 days,Regular,mid,
1937,1938,25.0,66300.0,1093.2135979394318,Male,North,29.0,Home & Garden,29.556773848703365,2021-02-02,2022-05-23,475 days,Regular,young,Medium
1938,1939,48.0,66200.0,1937.053504908553,Male,West,6.0,Electronics,89.65788488242853,2021-05-23,2023-06-17,755 days,Loyal,mid,High
1941,1942,40.0,65300.0,382.128245075964,Male,South,1.0,Clothing,24.76173990609444,2022-09-24,2023-01-15,113 days,Very New,mid,
1942,1943,54.0,95300.0,1143.5375518859946,Female,East,40.0,Electronics,27.2828384914298,2022-11-11,2022-11-29,18 days,Very New,old,Medium
1943,1944,71.0,108300.0,766.4752696783144,Male,East,3.0,Health,97.82485938889842,2021-08-05,2023-07-20,714 days,Loyal,Very Old,Low
1944,1945,33.0,110300.0,1930.5586309736152,Female,South,1.0,Health,67.42915055672371,2022-03-10,2022-10-16,220 days,New,young,High
1945,1946,23.0,43000.0,561.6132174238351,Male,East,1.0,Health,93.1680995620966,2022-12-30,2023-06-21,173 days,Very New,young,Low
1946,1947,25.0,109200.0,811.3228441297922,Female,North,39.0,Home & Garden,83.49950222048219,2021-02-23,2021-09-29,218 days,New,young,Low
1948,1949,35.0,100800.0,1082.211374553177,Male,North,45.0,Home & Garden,67.53879242455632,2022-08-15,2022-11-17,94 days,Very New,mid,Medium
1949,1950,42.0,72000.0,1015.207628930082,Female,North,30.0,Home & Garden,62.48371936960315,2021-05-31,2022-10-14,501 days,Regular,mid,Medium
1950,1951,29.0,114800.0,530.4014066439028,Male,West,32.0,Electronics,66.62630261917867,2021-02-24,2021-10-24,242 days,New,young,Low
1951,1952,32.0,46000.0,1408.699849414674,Male,South,33.0,Home & Garden,26.477366462727623,2022-06-01,2023-02-26,270 days,New,young,Medium
1952,1953,76.0,74900.0,48.45844451999973,Female,North,48.0,Clothing,40.81251342079371,2022-03-24,2022-09-13,173 days,Very New,Very Old,
1953,1954,43.0,118600.0,118.0350068105412,Male,North,22.0,Health,59.26158115981464,2021-02-04,2023-08-31,938 days,Very Old,mid,
1954,1955,58.0,75400.0,1206.7300025288894,Male,South,30.0,Electronics,3.592846505585712,2021-04-29,2023-05-31,762 days,Loyal,old,Medium
1955,1956,62.0,30600.0,696.5156561605392,Female,North,46.0,Home & Garden,48.28349014016934,2021-07-16,2021-12-17,154 days,Very New,old,Low
1957,1958,64.0,115600.0,1808.317567631116,Female,East,23.0,Electronics,49.236772758532986,2022-05-29,2022-11-10,165 days,Very New,Very Old,High
1959,1960,27.0,46000.0,1639.928250633047,Female,North,25.0,Electronics,20.19051205151908,2022-02-26,2022-04-12,45 days,Very New,young,High
1960,1961,33.0,82200.0,1341.3170623420328,Male,North,12.0,Toys,79.4343343985438,2022-06-01,2023-11-25,542 days,Regular,young,Medium
1961,1962,24.0,22000.0,268.65256336611816,Female,West,17.0,Electronics,35.88782880375289,2022-11-17,2023-01-19,63 days,Very New,young,
1962,1963,34.0,34300.0,1535.7758719846213,Male,West,15.0,Home & Garden,95.65875534795444,2021-05-19,2022-08-25,463 days,Regular,mid,High
1963,1964,40.0,107800.0,436.1800980633158,Female,West,10.0,Health,99.37148082595792,2022-12-06,2023-01-10,35 days,Very New,mid,
1964,1965,43.0,48300.0,660.4168530983897,Male,North,35.0,Health,91.6000542595843,2022-10-12,2023-07-20,281 days,New,mid,Low
1965,1966,38.0,79800.0,1642.083739962792,Male,North,29.0,Health,8.487674481614393,2022-09-20,2023-12-28,464 days,Regular,mid,High
1966,1967,39.0,65900.0,1082.3207046190275,Female,West,12.0,Clothing,33.31831554960269,2021-02-13,2021-05-11,87 days,Very New,mid,Medium
1969,1970,31.0,99700.0,1223.4013084416367,Female,East,10.0,Toys,91.11835893074296,2021-09-15,2022-11-18,429 days,Regular,young,Medium
1970,1971,32.0,61200.0,185.906125645558,Female,East,18.0,Clothing,57.25531936410988,2022-05-28,2023-04-11,318 days,New,young,
1971,1972,70.0,91300.0,1293.2607672092588,Female,South,47.0,Electronics,48.03975881875302,2022-01-12,2022-10-28,289 days,New,Very Old,Medium
1972,1973,24.0,85400.0,1529.8173947955588,Female,West,2.0,Home & Garden,10.649631700445106,2021-10-16,2023-12-03,778 days,Loyal,young,High
1973,1974,26.0,96400.0,1178.163170077869,Male,North,49.0,Toys,83.94715423230991,2022-04-15,2023-05-25,405 days,New,young,Medium
1974,1975,68.0,108300.0,547.1383729676443,Male,West,8.0,Electronics,74.51415484204786,2021-04-13,2021-10-12,182 days,Very New,Very Old,Low
1975,1976,65.0,24200.0,82.0584843405561,Male,East,22.0,Health,5.88766030154122,2021-05-29,2023-04-03,674 days,Loyal,Very Old,
1976,1977,25.0,110300.0,256.5087902492858,Male,North,22.0,Clothing,20.941458959528536,2021-03-25,2022-07-18,480 days,Regular,young,
1978,1979,76.0,80800.0,1870.1520293481767,Male,West,26.0,Toys,68.44024020646387,2021-06-24,2022-07-01,372 days,New,Very Old,High
1981,1982,35.0,87100.0,1735.5731052331023,Male,East,31.0,Home & Garden,19.3110211709014,2022-10-16,2023-02-05,112 days,Very New,mid,High
1984,1985,69.0,101900.0,1633.730327018773,Female,South,14.0,Toys,71.58195730387541,2021-10-25,2021-11-04,10 days,Very New,Very Old,High
1985,1986,56.0,88200.0,536.1368123263753,Female,North,33.0,Clothing,73.71069804033034,2021-05-15,2023-12-31,960 days,Very Old,old,Low
1986,1987,52.0,84700.0,607.8534350507251,Female,East,7.0,Toys,79.39953108692825,2021-02-24,2021-11-03,252 days,New,old,Low
1987,1988,35.0,81900.0,21.242482924343214,Male,West,24.0,Electronics,35.657304264406,2021-02-25,2022-07-22,512 days,Regular,mid,
1989,1990,59.0,47000.0,1836.7388913007628,Male,West,11.0,Electronics,97.84133943229372,2022-08-11,2023-10-27,442 days,Regular,old,High
1992,1993,31.0,39300.0,906.055721605026,Male,North,2.0,Toys,71.63597857109747,2021-12-21,2023-08-16,603 days,Regular,young,Low
1993,1994,48.0,101800.0,221.74567286367457,Male,East,15.0,Electronics,90.07947002628694,2021-05-12,2021-08-05,85 days,Very New,mid,
1996,1997,61.0,23900.0,1922.442245818773,Female,South,28.0,Toys,91.92962153289052,2021-04-20,2023-05-14,754 days,Loyal,old,High
1997,1998,77.0,32400.0,1807.6786863956568,Male,North,39.0,Toys,94.62329004445272,2022-08-05,2023-05-24,292 days,New,Very Old,High
1998,1999,62.0,114800.0,1399.5745335721006,Male,East,44.0,Home & Garden,48.4139127117945,2021-05-06,2023-01-23,627 days,Regular,old,Medium
1999,2000,51.0,65800.0,211.3483566464454,Male,North,4.0,Toys,37.45509634032975,2021-10-23,2022-08-17,298 days,New,old,
2000,2001,20.0,57000.0,562.8447945911543,Male,North,10.0,Electronics,28.278180560302925,2021-06-28,2022-12-05,525 days,Regular,young,Low
2001,2002,54.0,74400.0,653.7123192328761,Female,West,6.0,Health,49.87515410909684,2021-07-16,2023-07-14,728 days,Loyal,old,Low
2002,2003,60.0,71800.0,1531.0371143362113,Male,South,30.0,Toys,93.45311515910517,2021-04-11,2022-07-07,452 days,Regular,old,High
2003,2004,57.0,38700.0,1608.4533748855258,Female,South,46.0,Toys,14.980962742445548,2022-07-27,2023-02-22,210 days,Very New,old,High
2005,2006,72.0,60400.0,847.4103133028672,Female,North,49.0,Home & Garden,91.16078569574888,2021-01-09,2022-05-28,504 days,Regular,Very Old,Low
2006,2007,40.0,94900.0,108.12789776681925,Male,West,43.0,Toys,34.9119270144252,2022-02-17,2023-09-11,571 days,Regular,mid,
2007,2008,61.0,22700.0,592.4907024691468,Male,North,10.0,Clothing,76.80814070435372,2022-12-19,2023-10-06,291 days,New,old,Low
2008,2009,56.0,62200.0,913.5446508117273,Female,West,32.0,Clothing,38.9259786241102,2022-07-20,2022-08-10,21 days,Very New,old,Low
2010,2011,73.0,75600.0,917.4695722949424,Male,South,42.0,Health,98.10023499572084,2021-04-14,2023-06-26,803 days,Loyal,Very Old,Low
2011,2012,66.0,82300.0,1709.2881082704448,Male,West,3.0,Health,38.78220105752783,2021-05-06,2023-08-14,830 days,Loyal,Very Old,High
2012,2013,21.0,35500.0,1171.0156190556056,Male,North,26.0,Toys,84.50986545742005,2022-06-30,2023-01-13,197 days,Very New,young,Medium
2014,2015,39.0,23000.0,399.5092112839432,Male,East,17.0,Toys,98.38301430112544,2021-09-27,2022-08-11,318 days,New,mid,
2016,2017,30.0,21900.0,735.7445566471879,Male,South,18.0,Toys,48.576112054915,2021-04-28,2022-04-08,345 days,New,young,Low
2017,2018,35.0,113100.0,730.2794987012755,Male,South,19.0,Electronics,30.340156164300204,2021-04-02,2021-04-04,2 days,Very New,mid,Low
2018,2019,50.0,104400.0,1067.9495473243085,Male,South,12.0,Home & Garden,31.401876372236504,2022-09-04,2023-10-18,409 days,New,old,Medium
2020,2021,62.0,61300.0,1597.7859091468583,Female,East,5.0,Clothing,20.051859006430877,2021-03-28,2022-04-14,382 days,New,old,High
2022,2023,61.0,80300.0,1614.8232404203618,Male,North,27.0,Toys,53.63085347542523,2021-05-04,2023-05-18,744 days,Loyal,old,High
2024,2025,19.0,98900.0,129.757318103643,Male,North,30.0,Toys,81.0582433810541,2021-02-01,2023-12-04,1036 days,Very Old,young,
2025,2026,72.0,102800.0,1117.2915489894865,Female,East,15.0,Toys,32.24711128461346,2021-12-23,2023-08-13,598 days,Regular,Very Old,Medium
2032,2033,30.0,33000.0,1064.9688893661662,Male,West,41.0,Health,88.94114309537065,2021-04-10,2022-05-15,400 days,New,young,Medium
2033,2034,30.0,44400.0,1123.733114983928,Female,East,32.0,Electronics,91.36080238811446,2021-09-01,2023-04-08,584 days,Regular,young,Medium
2034,2035,35.0,51000.0,1957.0949992009505,Male,West,4.0,Toys,46.07004381371572,2021-02-27,2021-07-08,131 days,Very New,mid,High
2035,2036,49.0,94000.0,1550.8720296589786,Male,East,5.0,Health,80.67817123525782,2021-12-23,2022-04-05,103 days,Very New,old,High
2037,2038,52.0,102300.0,1561.288245427172,Female,North,22.0,Health,85.82645485117469,2021-11-16,2021-12-17,31 days,Very New,old,High
2038,2039,76.0,104100.0,357.6653368184872,Male,South,42.0,Toys,82.46818841667168,2021-01-19,2022-08-04,562 days,Regular,Very Old,
2041,2042,69.0,71000.0,1385.374469755795,Male,South,46.0,Health,63.999890359674815,2021-05-16,2022-09-12,484 days,Regular,Very Old,Medium
2042,2043,46.0,27700.0,1757.0732776622106,Male,South,30.0,Health,0.085729068821605,2021-10-23,2023-11-11,749 days,Loyal,mid,High
2044,2045,66.0,114600.0,182.38126759221151,Male,East,16.0,Toys,40.65675749007108,2021-04-11,2023-08-02,843 days,Loyal,Very Old,
2045,2046,46.0,80700.0,611.0163341884273,Male,South,15.0,Home & Garden,51.73432058592131,2022-01-15,2023-05-05,475 days,Regular,mid,Low
2046,2047,79.0,114900.0,1351.276478705745,Male,East,5.0,Health,19.480407979302093,2021-06-04,2022-04-28,328 days,New,Very Old,Medium
2048,2049,61.0,22500.0,570.6620917565308,Female,South,23.0,Clothing,81.0619866279359,2022-08-23,2023-05-09,259 days,New,old,Low
2049,2050,74.0,110100.0,385.1816773568446,Male,North,10.0,Clothing,58.58923457197282,2021-04-15,2023-07-31,837 days,Loyal,Very Old,
2052,2053,61.0,86400.0,1467.4004912961766,Female,West,15.0,Clothing,23.765781152713807,2021-05-08,2021-12-12,218 days,New,old,Medium
2053,2054,64.0,64900.0,171.71235594456138,Female,South,18.0,Toys,43.581284110915405,2022-02-05,2022-06-25,140 days,Very New,Very Old,
2057,2058,42.0,24100.0,586.458045621896,Female,South,21.0,Toys,94.24999298728906,2022-07-04,2023-03-30,269 days,New,mid,Low
2058,2059,56.0,30500.0,1451.0819785013753,Male,North,2.0,Toys,98.45374591343786,2021-05-04,2023-11-26,936 days,Very Old,old,Medium
2059,2060,37.0,83000.0,1891.7079396982408,Female,North,22.0,Home & Garden,9.497750804983996,2021-12-26,2023-01-27,397 days,New,mid,High
2060,2061,22.0,113900.0,1835.8120233502304,Female,South,8.0,Electronics,33.51934351720487,2021-03-05,2021-12-17,287 days,New,young,High
2062,2063,47.0,110500.0,935.9684004488172,Female,West,32.0,Electronics,83.4228823368969,2021-04-12,2021-11-30,232 days,New,mid,Low
2064,2065,20.0,21200.0,1372.9861980029052,Female,South,4.0,Health,62.12617559255493,2021-10-04,2022-10-29,390 days,New,young,Medium
2065,2066,62.0,83000.0,383.4569461495271,Male,East,30.0,Health,53.991086573500624,2021-08-15,2021-10-23,69 days,Very New,old,
2066,2067,31.0,115700.0,1645.4200429537404,Female,East,19.0,Clothing,71.02535838407161,2021-01-23,2021-02-14,22 days,Very New,young,High
2068,2069,47.0,80200.0,394.1916067429268,Female,South,18.0,Toys,13.74933545300323,2021-03-05,2021-06-24,111 days,Very New,mid,
2069,2070,67.0,108100.0,577.958753785055,Female,West,29.0,Toys,1.762000272971398,2021-06-06,2023-10-01,847 days,Loyal,Very Old,Low
2071,2072,35.0,25100.0,1048.029809714851,Female,North,33.0,Toys,90.78344287914372,2021-05-29,2021-12-07,192 days,Very New,mid,Medium
2073,2074,54.0,30500.0,264.6616450551208,Female,North,18.0,Health,19.595682113562308,2022-11-12,2023-01-28,77 days,Very New,old,
2074,2075,42.0,93800.0,264.9078842152462,Male,West,44.0,Health,92.60427462471073,2022-04-09,2022-07-04,86 days,Very New,mid,
2078,2079,63.0,103200.0,88.60840543175381,Female,West,1.0,Toys,70.09093819546891,2021-05-12,2022-04-24,347 days,New,old,
2079,2080,32.0,106400.0,271.90527613528127,Male,South,39.0,Toys,42.20686381374128,2021-07-16,2022-03-10,237 days,New,young,
2081,2082,32.0,32700.0,997.2164459871168,Male,South,39.0,Toys,74.14399520442691,2021-02-04,2022-11-24,658 days,Loyal,young,Low
2082,2083,66.0,54400.0,918.074163038046,Male,East,19.0,Electronics,4.006056326058294,2022-02-24,2023-09-18,571 days,Regular,Very Old,Low
2083,2084,74.0,78700.0,95.33737305398002,Female,East,31.0,Health,67.62468120618401,2022-01-12,2023-07-11,545 days,Regular,Very Old,
2085,2086,21.0,86900.0,1065.574800245516,Male,South,24.0,Home & Garden,96.37791364163036,2021-08-08,2023-04-23,623 days,Regular,young,Medium
2086,2087,29.0,46200.0,420.1202534513112,Male,East,5.0,Health,96.66226101597636,2022-11-28,2023-03-12,104 days,Very New,young,
2089,2090,54.0,25300.0,1677.5806891061509,Female,West,1.0,Clothing,14.135737488837874,2021-12-08,2022-06-17,191 days,Very New,old,High
2090,2091,78.0,27700.0,1733.2832272180283,Female,South,33.0,Health,6.645652595713402,2022-02-20,2022-08-15,176 days,Very New,Very Old,High
2091,2092,54.0,63400.0,1213.63583318336,Male,South,33.0,Toys,43.27798722589024,2022-04-01,2023-04-19,383 days,New,old,Medium
2092,2093,60.0,35000.0,1460.5221259156824,Female,North,32.0,Electronics,68.98820108350104,2021-10-24,2022-07-03,252 days,New,old,Medium
2093,2094,77.0,96200.0,248.0084590576833,Male,East,28.0,Electronics,56.77611222977269,2021-11-27,2023-11-04,707 days,Loyal,Very Old,
2095,2096,56.0,117100.0,1340.59209290462,Male,West,41.0,Clothing,81.8112546774591,2022-11-11,2023-05-26,196 days,Very New,old,Medium
2096,2097,73.0,21100.0,417.4114289693086,Male,North,12.0,Toys,79.4427472183747,2021-12-05,2022-11-09,339 days,New,Very Old,
2097,2098,63.0,30200.0,1762.7063711623127,Male,West,9.0,Clothing,73.19420550777613,2021-10-25,2022-10-24,364 days,New,old,High
2098,2099,41.0,102600.0,406.0935402916192,Male,West,11.0,Clothing,7.7032248153761085,2022-11-08,2022-11-15,7 days,Very New,mid,
2099,2100,28.0,116100.0,640.6851724959719,Male,South,33.0,Health,79.64696278956436,2021-11-08,2021-12-02,24 days,Very New,young,Low
2101,2102,30.0,110700.0,1283.933128958847,Male,East,42.0,Health,5.944208829091647,2021-02-24,2023-05-21,816 days,Loyal,young,Medium
2104,2105,24.0,109200.0,1701.9395712585394,Male,East,31.0,Health,59.92388584682836,2021-04-15,2022-10-05,538 days,Regular,young,High
2105,2106,69.0,63600.0,1075.0373219208543,Female,West,2.0,Home & Garden,51.357740212746286,2021-06-24,2023-08-21,788 days,Loyal,Very Old,Medium
2106,2107,21.0,49100.0,953.2171523280354,Female,East,19.0,Toys,17.744614746874355,2021-10-21,2023-08-26,674 days,Loyal,young,Low
2109,2110,37.0,102300.0,253.65193270636223,Male,South,10.0,Electronics,12.744305557012304,2022-03-26,2022-06-05,71 days,Very New,mid,
2113,2114,68.0,111900.0,819.1792726343963,Male,South,30.0,Electronics,97.36483661436228,2022-01-25,2023-09-25,608 days,Regular,Very Old,Low
2114,2115,62.0,112800.0,1987.284782182053,Male,North,11.0,Electronics,46.95770484256961,2021-07-31,2022-05-12,285 days,New,old,High
2115,2116,63.0,106700.0,366.27019366582806,Male,South,41.0,Home & Garden,63.23683319146129,2022-10-29,2023-08-22,297 days,New,old,
2117,2118,60.0,32900.0,363.32421108811633,Male,West,20.0,Home & Garden,13.845385365700537,2022-06-19,2022-07-31,42 days,Very New,old,
2120,2121,43.0,24500.0,1366.343985976965,Male,North,15.0,Health,11.162680851354068,2022-12-22,2023-02-18,58 days,Very New,mid,Medium
2121,2122,58.0,83700.0,421.6888883101845,Female,South,34.0,Home & Garden,45.91729416713005,2021-05-02,2023-09-12,863 days,Very Old,old,
2122,2123,66.0,90900.0,1496.344098390594,Female,West,24.0,Home & Garden,65.88872657669322,2021-09-10,2022-01-08,120 days,Very New,Very Old,Medium
2123,2124,75.0,104000.0,1991.3257380529592,Female,West,33.0,Clothing,35.49232709728912,2021-05-21,2022-04-14,328 days,New,Very Old,High
2125,2126,73.0,63500.0,997.0903961842978,Female,North,41.0,Clothing,81.89633680274763,2021-06-02,2022-06-16,379 days,New,Very Old,Low
2126,2127,23.0,113900.0,1847.884497466144,Female,North,45.0,Clothing,36.31033206095512,2022-12-27,2023-09-15,262 days,New,young,High
2127,2128,22.0,58600.0,51.386647619115074,Male,North,40.0,Toys,19.43209733839072,2021-11-04,2022-07-16,254 days,New,young,
2129,2130,71.0,111500.0,1779.7181032913495,Male,North,21.0,Health,21.455420764279097,2021-11-13,2022-01-04,52 days,Very New,Very Old,High
2131,2132,40.0,93300.0,911.1270574232012,Male,West,35.0,Toys,66.82893861376992,2021-10-23,2021-12-10,48 days,Very New,mid,Low
2133,2134,26.0,102000.0,1141.7059678639037,Female,East,4.0,Home & Garden,22.756203031986587,2022-08-04,2023-07-06,336 days,New,young,Medium
2135,2136,37.0,66300.0,619.1939021989349,Male,South,48.0,Home & Garden,1.960342089522016,2021-10-09,2023-02-15,494 days,Regular,mid,Low
2136,2137,75.0,27400.0,930.7637059626396,Male,West,16.0,Electronics,22.808776834724263,2021-07-27,2023-12-17,873 days,Very Old,Very Old,Low
2137,2138,66.0,99100.0,573.0921808475878,Female,West,31.0,Electronics,2.390535249779624,2022-07-06,2022-11-17,134 days,Very New,Very Old,Low
2138,2139,78.0,108900.0,751.3945056211253,Female,North,26.0,Health,600.0,2021-04-06,2022-12-19,622 days,Regular,Very Old,Low
2141,2142,52.0,61100.0,39.82061290709013,Male,East,33.0,Home & Garden,38.37267594912731,2022-10-10,2023-08-06,300 days,New,old,
2144,2145,79.0,112300.0,676.6825314704946,Female,North,47.0,Home & Garden,20.934811596785163,2021-11-29,2021-12-23,24 days,Very New,Very Old,Low
2147,2148,20.0,88900.0,1008.2351430530608,Male,South,42.0,Electronics,14.703000921514608,2021-04-16,2022-03-10,328 days,New,young,Medium
2148,2149,49.0,27300.0,238.08172017955357,Male,West,15.0,Home & Garden,34.96017324042866,2021-04-11,2023-04-21,740 days,Loyal,old,
2149,2150,52.0,45400.0,791.2417313719092,Male,North,6.0,Electronics,22.437833393018547,2021-12-25,2023-10-21,665 days,Loyal,old,Low
2151,2152,30.0,33300.0,51.0778930806337,Male,South,24.0,Electronics,98.33675603649452,2022-09-10,2023-06-03,266 days,New,young,
2152,2153,73.0,96800.0,732.9972689485843,Female,West,49.0,Electronics,2.549138902976744,2022-01-30,2023-02-17,383 days,New,Very Old,Low
2153,2154,78.0,116000.0,197.8478162626974,Male,East,28.0,Electronics,69.0020137315282,2021-02-04,2022-05-07,457 days,Regular,Very Old,
2154,2155,64.0,76800.0,528.5234746958668,Male,South,1.0,Health,400.0,2021-06-06,2023-12-20,927 days,Very Old,Very Old,Low
2155,2156,42.0,87200.0,203.182909942527,Male,South,1.0,Electronics,6.6408643869294455,2021-09-30,2023-03-24,540 days,Regular,mid,
2159,2160,54.0,45500.0,24.324602857352566,Male,East,48.0,Toys,99.4543892090604,2022-09-13,2023-06-27,287 days,New,old,
2160,2161,51.0,55600.0,1284.5718195184024,Female,West,8.0,Electronics,44.237716763021226,2021-11-02,2022-12-16,409 days,New,old,Medium
2161,2162,28.0,38500.0,299.6625220925835,Male,North,1.0,Clothing,18.75977517713744,2022-09-18,2023-08-02,318 days,New,young,
2163,2164,73.0,51200.0,205.39312880058588,Female,South,43.0,Clothing,92.64922163672986,2022-04-07,2022-06-30,84 days,Very New,Very Old,
2164,2165,20.0,84500.0,1911.0251105099485,Female,West,49.0,Home & Garden,81.5621030775491,2021-09-09,2022-08-22,347 days,New,young,High
2166,2167,45.0,67500.0,22.510792292670686,Male,North,10.0,Electronics,33.469969451916846,2021-07-28,2021-09-16,50 days,Very New,mid,
2168,2169,26.0,36000.0,1052.9893667064982,Male,South,41.0,Health,20.12993485600898,2022-06-23,2023-04-05,286 days,New,young,Medium
2169,2170,20.0,102800.0,540.0860759543594,Male,South,7.0,Home & Garden,44.681025424740106,2022-05-18,2023-08-30,469 days,Regular,young,Low
2170,2171,42.0,32400.0,1539.2127714809476,Male,East,12.0,Home & Garden,95.6199870014404,2022-05-29,2023-07-09,406 days,New,mid,High
2172,2173,29.0,22200.0,977.707829830652,Male,West,40.0,Toys,82.82830451682473,2021-05-28,2023-06-18,751 days,Loyal,young,Low
2174,2175,26.0,55100.0,1582.111345391155,Male,North,5.0,Electronics,68.38230274535032,2021-03-24,2023-03-09,715 days,Loyal,young,High
2175,2176,32.0,112500.0,1369.93528562114,Female,South,14.0,Home & Garden,86.24381433779963,2021-02-11,2022-04-01,414 days,New,young,Medium
2179,2180,28.0,52900.0,1864.6853145228577,Female,West,35.0,Home & Garden,55.99116862447463,2022-09-11,2023-02-28,170 days,Very New,young,High
2181,2182,51.0,34400.0,550.5266452115587,Male,South,36.0,Clothing,42.51028007285617,2021-07-07,2022-09-28,448 days,Regular,old,Low
2183,2184,77.0,91900.0,1140.1692116203849,Male,South,19.0,Home & Garden,47.193505278631285,2022-09-16,2023-11-30,440 days,Regular,Very Old,Medium
2185,2186,55.0,22600.0,1565.5339971254612,Female,South,5.0,Clothing,56.125382079450105,2022-05-22,2023-08-17,452 days,Regular,old,High
2186,2187,25.0,68600.0,735.9824904822713,Female,North,19.0,Health,12.579699243794584,2021-05-13,2022-05-16,368 days,New,young,Low
2187,2188,76.0,111700.0,824.7087111842328,Female,South,43.0,Home & Garden,94.9976273549186,2021-09-28,2022-01-08,102 days,Very New,Very Old,Low
2188,2189,22.0,82100.0,1622.5516979851525,Male,North,39.0,Home & Garden,85.98228815401609,2022-09-14,2023-12-28,470 days,Regular,young,High
2189,2190,65.0,86800.0,770.9811156205382,Female,South,5.0,Health,15.55653971088704,2021-03-14,2023-08-28,897 days,Very Old,Very Old,Low
2190,2191,43.0,101300.0,113.50525545961456,Female,West,12.0,Electronics,17.23929227470097,2022-03-12,2022-05-30,79 days,Very New,mid,
2191,2192,35.0,81800.0,369.3507455312936,Male,West,19.0,Clothing,51.24386744880165,2021-10-20,2021-12-30,71 days,Very New,mid,
2192,2193,23.0,104800.0,1912.688281328601,Male,North,47.0,Electronics,77.28813870417251,2022-10-17,2023-02-16,122 days,Very New,young,High
2193,2194,54.0,31100.0,159.40261755697804,Male,South,12.0,Toys,21.907933566752945,2022-03-13,2023-02-13,337 days,New,old,
2195,2196,65.0,43500.0,1016.2947507616624,Male,West,12.0,Toys,54.55342765826151,2022-10-23,2023-03-05,133 days,Very New,Very Old,Medium
2196,2197,30.0,20200.0,996.6960381303488,Female,South,18.0,Home & Garden,69.159711410201,2021-03-01,2023-08-20,902 days,Very Old,young,Low
2199,2200,30.0,104600.0,779.8694667952702,Male,South,43.0,Home & Garden,95.06437849446088,2021-11-23,2022-07-25,244 days,New,young,Low
2200,2201,34.0,76400.0,1944.717084239623,Male,East,34.0,Home & Garden,13.707444268547286,2021-07-01,2023-11-28,880 days,Very Old,mid,High
2203,2204,62.0,112500.0,850.5733404778431,Male,West,49.0,Toys,20.66610072307156,2022-09-30,2023-03-27,178 days,Very New,old,Low
2204,2205,49.0,52900.0,793.5732034598786,Female,North,18.0,Home & Garden,8.981935346107328,2021-03-24,2021-04-28,35 days,Very New,old,Low
2205,2206,79.0,96300.0,1338.3450387506878,Female,East,29.0,Home & Garden,40.40066230802025,2021-01-28,2022-02-25,393 days,New,Very Old,Medium
2206,2207,46.0,110100.0,446.7154579445823,Male,West,45.0,Clothing,82.08317903747576,2021-09-23,2022-06-25,275 days,New,mid,
2207,2208,68.0,36400.0,457.72167457170383,Female,East,5.0,Electronics,57.71304505217814,2021-10-10,2023-07-19,647 days,Loyal,Very Old,
2208,2209,75.0,27000.0,1463.8376780316892,Female,South,25.0,Clothing,22.25848371654308,2022-02-01,2022-11-30,302 days,New,Very Old,Medium
2212,2213,51.0,113500.0,391.3039013660899,Female,North,33.0,Health,34.27340273637572,2021-11-15,2023-11-09,724 days,Loyal,old,
2213,2214,57.0,21700.0,-3000.0,Male,East,10.0,Toys,51.0192258913606,2022-09-03,2023-02-15,165 days,Very New,old,
2214,2215,44.0,113800.0,201.0240123461843,Male,North,37.0,Clothing,90.37325356861923,2021-07-12,2022-11-02,478 days,Regular,mid,
2217,2218,50.0,52200.0,588.5862349585037,Male,South,11.0,Electronics,1.408128550487853,2021-07-01,2022-04-06,279 days,New,old,Low
2221,2222,33.0,56500.0,93.69897504727174,Male,West,21.0,Electronics,53.166247286447934,2021-07-22,2023-09-30,800 days,Loyal,young,
2222,2223,57.0,106500.0,1836.8493785985625,Female,East,20.0,Electronics,35.26165997261374,2022-02-06,2023-02-27,386 days,New,old,High
2225,2226,76.0,64100.0,1767.9898621034176,Male,West,47.0,Health,53.46126742964312,2022-10-08,2022-10-18,10 days,Very New,Very Old,High
2226,2227,76.0,34000.0,956.5213755223424,Female,East,36.0,Toys,88.83219266485685,2021-06-28,2023-09-24,818 days,Loyal,Very Old,Low
2228,2229,58.0,98600.0,397.3405721040438,Female,East,47.0,Toys,73.91028574658924,2021-01-18,2023-01-06,718 days,Loyal,old,
2233,2234,70.0,92700.0,695.0766472523673,Female,South,6.0,Electronics,41.6988603283505,2022-01-28,2023-11-15,656 days,Loyal,Very Old,Low
2234,2235,59.0,61500.0,1801.0352748906937,Female,South,37.0,Electronics,76.42872318372163,2021-10-27,2022-08-29,306 days,New,old,High
2235,2236,53.0,109100.0,1882.94221455614,Male,North,2.0,Toys,39.49749995445172,2021-12-17,2023-10-11,663 days,Loyal,old,High
2236,2237,44.0,41200.0,1348.3124762637738,Female,West,12.0,Toys,65.01792222182672,2021-07-06,2023-05-12,675 days,Loyal,mid,Medium
2239,2240,24.0,64000.0,1674.3696445965409,Male,South,13.0,Toys,79.75145596054767,2022-02-13,2023-10-08,602 days,Regular,young,High
2240,2241,22.0,49400.0,1923.9932616979008,Female,West,17.0,Home & Garden,33.89257169697096,2021-03-12,2021-12-09,272 days,New,young,High
2241,2242,60.0,66400.0,1554.661964671456,Female,West,31.0,Clothing,25.610706046045607,2021-11-23,2022-08-16,266 days,New,old,High
2242,2243,62.0,112400.0,1251.4347328382842,Male,North,16.0,Clothing,22.244616775986504,2021-07-31,2023-06-11,680 days,Loyal,old,Medium
2244,2245,74.0,67900.0,1701.9504051356514,Female,East,26.0,Clothing,73.71240728133968,2021-04-18,2022-12-08,599 days,Regular,Very Old,High
2245,2246,68.0,117500.0,1091.5834562271707,Female,North,28.0,Health,88.75092610569176,2021-06-26,2023-12-02,889 days,Very Old,Very Old,Medium
2246,2247,48.0,69300.0,1611.642574772669,Male,South,1.0,Health,23.06484741852892,2022-03-03,2023-01-27,330 days,New,mid,High
2247,2248,40.0,67300.0,1027.5928052450067,Female,North,47.0,Home & Garden,8.524029779615393,2022-06-15,2022-08-13,59 days,Very New,mid,Medium
2249,2250,27.0,23500.0,780.2150776302274,Male,East,37.0,Health,65.78472389213587,2021-09-05,2023-07-16,679 days,Loyal,young,Low
2250,2251,49.0,75000.0,899.9930961895675,Female,West,20.0,Home & Garden,36.85200922260389,2021-07-28,2022-09-29,428 days,Regular,old,Low
2252,2253,70.0,28400.0,222.94273179464136,Male,East,36.0,Electronics,74.43049656751953,2022-12-14,2023-11-17,338 days,New,Very Old,
2255,2256,48.0,105000.0,619.8314324223662,Male,South,22.0,Health,29.79492602355025,2021-11-07,2022-12-16,404 days,New,mid,Low
2256,2257,35.0,56400.0,1494.3020124068903,Male,South,44.0,Clothing,97.8248351872617,2022-01-18,2022-04-02,74 days,Very New,mid,Medium
2257,2258,53.0,69200.0,1929.575715544602,Male,North,32.0,Home & Garden,20.302966523311397,2021-09-28,2023-06-11,621 days,Regular,old,High
2258,2259,19.0,100300.0,1441.3837494928184,Female,West,20.0,Health,11.09317432642898,2021-05-01,2023-04-19,718 days,Loyal,young,Medium
2259,2260,31.0,28700.0,1985.398585936683,Male,South,36.0,Clothing,75.08306250943679,2022-02-11,2022-10-16,247 days,New,young,High
2260,2261,30.0,111100.0,1402.7091831332173,Female,East,33.0,Toys,70.23096566511981,2021-09-02,2022-10-26,419 days,New,young,Medium
2261,2262,46.0,50100.0,601.7130518955685,Male,West,15.0,Toys,81.11693472424643,2021-03-07,2023-02-04,699 days,Loyal,mid,Low
2262,2263,29.0,25700.0,1350.6640302006165,Female,South,46.0,Electronics,34.35904217333049,2021-08-16,2023-12-27,863 days,Very Old,young,Medium
2263,2264,56.0,76100.0,1410.2703950898697,Male,North,3.0,Home & Garden,93.08076538529836,2021-05-17,2021-06-25,39 days,Very New,old,Medium
2264,2265,19.0,22000.0,756.019429540592,Female,East,29.0,Clothing,11.948142837307884,2021-07-13,2022-05-25,316 days,New,young,Low
2267,2268,63.0,32300.0,62.96618864557241,Male,West,5.0,Toys,79.73244634002505,2022-10-19,2023-04-18,181 days,Very New,old,
2268,2269,44.0,85800.0,1269.752394558941,Male,South,31.0,Clothing,67.29823072736481,2022-05-04,2023-09-29,513 days,Regular,mid,Medium
2270,2271,58.0,30800.0,1139.8949849411258,Female,East,35.0,Toys,25.625361419433546,2021-12-20,2022-11-17,332 days,New,old,Medium
2272,2273,57.0,49000.0,46.75701176624149,Female,East,6.0,Health,33.750557844747256,2022-07-10,2022-08-29,50 days,Very New,old,
2273,2274,48.0,90500.0,738.4743176503048,Male,East,26.0,Clothing,46.001976775474965,2021-06-06,2023-12-12,919 days,Very Old,mid,Low
2275,2276,77.0,96700.0,1700.240972759584,Female,South,19.0,Health,64.5971954946431,2021-01-16,2021-12-05,323 days,New,Very Old,High
2276,2277,41.0,57200.0,1779.511385396304,Female,North,7.0,Electronics,94.7344902931878,2021-03-19,2022-01-09,296 days,New,mid,High
2277,2278,62.0,104700.0,978.022940665782,Female,North,36.0,Health,10.039591905286104,2021-02-21,2022-08-03,528 days,Regular,old,Low
2278,2279,52.0,91700.0,1462.2765248528876,Male,North,12.0,Health,33.63401228791364,2022-05-29,2022-06-01,3 days,Very New,old,Medium
2280,2281,23.0,78700.0,697.5290834021417,Female,West,23.0,Home & Garden,67.06957938539892,2021-03-02,2023-04-17,776 days,Loyal,young,Low
2281,2282,36.0,81800.0,405.0377679809813,Male,West,25.0,Toys,49.54516914414063,2021-05-12,2022-07-24,438 days,Regular,mid,
2286,2287,49.0,111000.0,1421.3513510586884,Female,North,41.0,Clothing,75.34955614805585,2022-02-14,2023-01-19,339 days,New,old,Medium
2287,2288,51.0,20200.0,732.7849891825346,Female,South,19.0,Home & Garden,71.57876963462942,2021-06-04,2023-09-25,843 days,Loyal,old,Low
2289,2290,77.0,32900.0,864.0694804587833,Male,West,1.0,Electronics,5.890866106566605,2021-02-20,2023-03-16,754 days,Loyal,Very Old,Low
2290,2291,32.0,59100.0,895.8242069394266,Female,West,41.0,Clothing,57.87178554398685,2021-04-05,2021-06-19,75 days,Very New,young,Low
2291,2292,47.0,85100.0,1343.968352097828,Female,West,15.0,Home & Garden,63.57388320267334,2022-11-19,2023-07-07,230 days,New,mid,Medium
2294,2295,39.0,60200.0,1745.547312679629,Female,East,15.0,Health,30.58315291184129,2021-12-21,2022-03-27,96 days,Very New,mid,High
2295,2296,21.0,56500.0,490.22236387715566,Female,North,39.0,Home & Garden,93.13056456368876,2021-02-14,2022-10-05,598 days,Regular,young,
2296,2297,37.0,50700.0,1958.260721117401,Female,North,22.0,Clothing,21.91998033894046,2021-07-24,2023-02-19,575 days,Regular,mid,High
2298,2299,53.0,67900.0,549.1721965911822,Female,West,16.0,Clothing,51.81339133443375,2021-09-13,2022-01-02,111 days,Very New,old,Low
2299,2300,67.0,50100.0,854.5921413703752,Male,West,1000.0,Clothing,1.152101202604339,2021-09-05,2022-10-13,403 days,New,Very Old,Low
2300,2301,21.0,29400.0,206.9070022896412,Male,West,36.0,Health,51.69985832126177,2022-06-17,2023-03-31,287 days,New,young,
2301,2302,44.0,62100.0,268.897694893989,Female,West,20.0,Toys,9.947214991950148,2021-02-10,2021-08-27,198 days,Very New,mid,
2303,2304,29.0,79200.0,1529.640153439418,Male,North,3.0,Electronics,56.55235303815722,2021-10-04,2022-12-05,427 days,New,young,High
2304,2305,39.0,53300.0,1802.618234357492,Male,South,30.0,Home & Garden,1.0427227333474565,2021-07-14,2023-07-31,747 days,Loyal,mid,High
2305,2306,34.0,34700.0,1336.3396216182164,Female,West,2.0,Electronics,20.46928295829813,2021-03-12,2022-06-25,470 days,Regular,mid,Medium
2306,2307,27.0,47100.0,228.33471937157609,Male,North,35.0,Health,77.62250528720227,2021-09-27,2022-09-25,363 days,New,young,
2309,2310,39.0,64000.0,1615.412558220796,Female,East,2.0,Clothing,31.199861440918376,2021-11-04,2023-05-19,561 days,Regular,mid,High
2310,2311,43.0,92400.0,1653.992359971318,Male,North,20.0,Health,92.152685639754,2022-03-03,2022-06-07,96 days,Very New,mid,High
2311,2312,73.0,115500.0,1739.0420900423785,Female,South,34.0,Electronics,53.657701778343416,2021-07-18,2022-10-13,452 days,Regular,Very Old,High
2312,2313,76.0,20800.0,839.9803988666148,Male,East,34.0,Clothing,69.61735148560209,2021-03-17,2023-08-17,883 days,Very Old,Very Old,Low
2314,2315,67.0,24500.0,551.1357106661753,Male,South,25.0,Health,4.033598753275214,2022-06-09,2023-05-07,332 days,New,Very Old,Low
2317,2318,46.0,25000.0,40.0265746884549,Female,South,14.0,Toys,68.76805411799019,2021-03-26,2023-03-29,733 days,Loyal,mid,
2320,2321,76.0,64000.0,904.6316794862588,Female,West,43.0,Electronics,65.41174841780108,2022-01-06,2023-12-15,708 days,Loyal,Very Old,Low
2323,2324,78.0,62300.0,1840.877117895587,Female,East,12.0,Health,85.45050923182005,2021-01-01,2022-08-05,581 days,Regular,Very Old,High
2324,2325,29.0,43200.0,636.1655808519382,Male,East,48.0,Health,56.39461282688776,2022-01-12,2022-09-21,252 days,New,young,Low
2326,2327,46.0,71800.0,1699.9947756688046,Male,North,2.0,Clothing,30.724225074957413,2022-09-27,2022-12-22,86 days,Very New,mid,High
2327,2328,28.0,61200.0,1813.917760667839,Male,North,16.0,Health,37.19549577376997,2021-07-19,2023-10-31,834 days,Loyal,young,High
2330,2331,64.0,71800.0,528.6902836907409,Male,West,43.0,Health,59.24394500789349,2022-02-02,2022-07-03,151 days,Very New,Very Old,Low
2331,2332,32.0,22800.0,1605.5893221974786,Female,West,38.0,Home & Garden,8.362766317994064,2021-08-04,2023-12-29,877 days,Very Old,young,High
2333,2334,68.0,75500.0,1016.9567523700332,Female,West,42.0,Home & Garden,44.41153695169745,2022-08-03,2022-11-17,106 days,Very New,Very Old,Medium
2334,2335,28.0,58800.0,139.01494103522373,Male,North,24.0,Toys,76.51013501700132,2022-08-17,2023-08-31,379 days,New,young,
2335,2336,75.0,96100.0,1833.5512257720843,Female,South,30.0,Home & Garden,1.2619862089148004,2022-10-16,2023-12-05,415 days,New,Very Old,High
2336,2337,40.0,45400.0,1238.593812361124,Male,West,37.0,Clothing,2.873969697212264,2021-02-10,2022-09-27,594 days,Regular,mid,Medium
2337,2338,43.0,116400.0,401.5283674920766,Male,South,39.0,Electronics,17.078295878214465,2021-01-03,2022-01-17,379 days,New,mid,
2338,2339,51.0,31100.0,1220.6445116264445,Male,East,11.0,Home & Garden,21.09165561406798,2021-04-04,2023-11-17,957 days,Very Old,old,Medium
2339,2340,63.0,96900.0,1361.3774413951471,Female,East,14.0,Electronics,76.39555303101378,2021-02-28,2022-12-06,646 days,Loyal,old,Medium
2340,2341,51.0,57600.0,1061.0252666327865,Male,West,23.0,Toys,70.66941640165982,2022-02-11,2022-05-12,90 days,Very New,old,Medium
2341,2342,46.0,57000.0,1441.8414411529243,Male,East,16.0,Toys,61.608811912982816,2021-01-18,2023-05-02,834 days,Loyal,mid,Medium
2342,2343,21.0,68000.0,1171.278816898676,Male,South,21.0,Clothing,88.48588964833388,2022-05-09,2022-12-08,213 days,Very New,young,Medium
2343,2344,34.0,26500.0,1896.5837724236533,Male,East,4.0,Clothing,24.71487836563663,2022-05-23,2023-12-09,565 days,Regular,mid,High
2346,2347,58.0,22400.0,363.8698411695929,Male,East,14.0,Toys,43.4259760186864,2021-06-18,2022-06-10,357 days,New,old,
2347,2348,56.0,69700.0,1386.5387197965777,Female,West,19.0,Electronics,9.438620042016888,2022-11-03,2023-12-03,395 days,New,old,Medium
2348,2349,32.0,108000.0,1298.2798280446211,Female,South,5.0,Health,72.6559908189525,2022-11-12,2023-01-22,71 days,Very New,young,Medium
2351,2352,46.0,111900.0,1026.5438653778926,Female,North,45.0,Toys,16.369028390380315,2022-05-20,2023-04-16,331 days,New,mid,Medium
2352,2353,28.0,47000.0,1983.826949077988,Female,South,18.0,Clothing,53.95151135743653,2021-12-12,2022-05-02,141 days,Very New,young,High
2356,2357,64.0,65100.0,1304.4955749739538,Male,East,21.0,Health,8.475531344672804,2021-03-28,2021-12-17,264 days,New,Very Old,Medium
2357,2358,31.0,100000.0,1459.9915714958197,Female,East,47.0,Clothing,46.47403095122474,2021-04-05,2023-01-31,666 days,Loyal,young,Medium
2358,2359,37.0,47200.0,1274.833092636866,Male,East,30.0,Electronics,84.29045586137929,2022-03-04,2023-05-13,435 days,Regular,mid,Medium
2360,2361,28.0,44200.0,897.0430012809069,Female,West,4.0,Health,76.48619871874375,2022-03-26,2023-12-02,616 days,Regular,young,Low
2361,2362,44.0,108000.0,1131.6479883075865,Female,North,5.0,Toys,18.342741561245635,2022-09-18,2023-10-27,404 days,New,mid,Medium
2363,2364,34.0,113400.0,898.4185826211732,Female,West,45.0,Health,91.55373999304496,2022-12-16,2023-06-30,196 days,Very New,mid,Low
2364,2365,79.0,28100.0,1839.119663512418,Female,East,10.0,Electronics,32.39280815657698,2021-01-02,2021-12-04,336 days,New,Very Old,High
2365,2366,61.0,85000.0,891.9409615899172,Male,North,27.0,Electronics,90.04116380886182,2021-03-19,2023-12-29,1015 days,Very Old,old,Low
2366,2367,73.0,88900.0,1106.584121340763,Female,West,16.0,Home & Garden,50.54209265263945,2021-11-20,2023-06-01,558 days,Regular,Very Old,Medium
2367,2368,45.0,53700.0,1596.645652226746,Female,North,30.0,Health,31.68051331656575,2021-04-08,2022-06-23,441 days,Regular,mid,High
2368,2369,46.0,29300.0,1174.4740151558444,Female,South,13.0,Toys,89.65082351115315,2022-09-21,2023-01-07,108 days,Very New,mid,Medium
2369,2370,38.0,62300.0,1921.2317833179927,Male,East,36.0,Toys,3.203726676972818,2021-04-20,2022-03-19,333 days,New,mid,High
2370,2371,64.0,67700.0,1327.464944417973,Female,North,21.0,Clothing,2.801885127281045,2022-11-10,2023-07-13,245 days,New,Very Old,Medium
2371,2372,33.0,68100.0,1054.96471905385,Male,South,45.0,Home & Garden,59.98296042063329,2022-04-02,2023-07-09,463 days,Regular,young,Medium
2374,2375,37.0,109300.0,612.5118701351176,Female,West,15.0,Toys,7.946950335160552,2021-12-03,2022-01-03,31 days,Very New,mid,Low
2376,2377,36.0,75700.0,432.3897968040207,Female,East,20.0,Electronics,70.30635376375156,2021-01-22,2022-10-18,634 days,Regular,mid,
2379,2380,20.0,74400.0,268.7189140493472,Female,East,32.0,Home & Garden,69.39391279828175,2021-09-29,2023-08-17,687 days,Loyal,young,
2380,2381,76.0,112100.0,635.7938672683571,Male,West,6.0,Home & Garden,85.99387467334853,2022-05-05,2022-08-15,102 days,Very New,Very Old,Low
2384,2385,55.0,54700.0,1598.726875186926,Female,South,13.0,Health,31.561362602122067,2022-01-12,2023-05-03,476 days,Regular,old,High
2385,2386,32.0,89000.0,553.4474208725519,Male,South,29.0,Home & Garden,92.03285766270388,2021-08-20,2022-09-16,392 days,New,young,Low
2386,2387,51.0,52200.0,1777.1345476899255,Male,East,5.0,Toys,96.96597465027033,2022-08-15,2023-06-09,298 days,New,old,High
2388,2389,52.0,78900.0,685.9645388968522,Female,South,13.0,Electronics,13.639003964285845,2021-02-24,2023-05-20,815 days,Loyal,old,Low
2390,2391,42.0,97300.0,223.75207491716125,Male,West,31.0,Clothing,92.96652663004484,2021-02-03,2022-12-27,692 days,Loyal,mid,
2391,2392,41.0,40200.0,1465.6577717973214,Male,West,20.0,Health,60.07136437018746,2021-11-25,2022-01-24,60 days,Very New,mid,Medium
2392,2393,29.0,64400.0,786.7471754428805,Female,South,8.0,Clothing,63.45189544062468,2022-03-30,2023-08-02,490 days,Regular,young,Low
2393,2394,35.0,84000.0,10000.0,Male,East,9.0,Toys,76.29433341723002,2022-01-23,2023-10-12,627 days,Regular,mid,VIP
2394,2395,32.0,109800.0,995.9346454575134,Female,East,21.0,Clothing,15.308481884140823,2022-03-06,2022-04-20,45 days,Very New,young,Low
2395,2396,61.0,61100.0,378.131558362166,Female,East,20.0,Clothing,97.34688964947394,2022-04-21,2023-01-26,280 days,New,old,
2396,2397,33.0,40000.0,1474.828386483582,Male,North,15.0,Toys,36.43293847285948,2021-05-05,2022-08-26,478 days,Regular,young,Medium
2397,2398,44.0,106600.0,519.2450325611082,Female,West,26.0,Health,62.824042594226256,2022-06-07,2023-07-15,403 days,New,mid,Low
2398,2399,25.0,56000.0,991.8043965107248,Male,South,42.0,Toys,46.86160204999928,2022-04-27,2023-10-27,548 days,Regular,young,Low
2399,2400,77.0,55800.0,169.55587293067708,Female,North,11.0,Electronics,46.818097976484495,2021-11-13,2023-03-04,476 days,Regular,Very Old,
2400,2401,63.0,54700.0,1243.3759757358328,Female,East,37.0,Electronics,70.27443721197214,2021-05-02,2022-02-16,290 days,New,old,Medium
2401,2402,42.0,55800.0,1338.398377108229,Female,North,41.0,Clothing,99.46622988722544,2022-07-01,2022-10-24,115 days,Very New,mid,Medium
2403,2404,46.0,113600.0,1909.7571050357265,Female,South,27.0,Toys,79.40591315727352,2021-11-09,2023-02-25,473 days,Regular,mid,High
2404,2405,70.0,96600.0,1750.8544645344955,Female,West,30.0,Toys,2.761605726227012,2022-05-02,2022-08-08,98 days,Very New,Very Old,High
2405,2406,25.0,37400.0,1421.7230131651895,Male,East,19.0,Health,81.04273690648182,2022-10-13,2023-08-17,308 days,New,young,Medium
2406,2407,32.0,96700.0,1433.0311074976105,Male,East,34.0,Home & Garden,29.99758817682972,2021-01-12,2022-05-15,488 days,Regular,young,Medium
2407,2408,44.0,101500.0,519.7553955854594,Female,North,38.0,Home & Garden,12.670184503466489,2021-05-05,2022-08-03,455 days,Regular,mid,Low
2408,2409,63.0,66000.0,1320.494157555129,Male,East,23.0,Home & Garden,11.333408544770585,2022-10-21,2023-03-27,157 days,Very New,old,Medium
2409,2410,67.0,86100.0,412.44840516632894,Female,North,1.0,Health,67.98748141696267,2021-03-18,2023-12-23,1010 days,Very Old,Very Old,
2410,2411,69.0,64600.0,305.1263833612478,Male,South,3.0,Toys,99.761683604055,2022-08-03,2023-02-19,200 days,Very New,Very Old,
2411,2412,24.0,107800.0,1998.9464305211088,Male,South,3.0,Home & Garden,66.61950983728997,2022-12-19,2023-08-01,225 days,New,young,High
2412,2413,20.0,46100.0,1252.304344316885,Female,South,28.0,Toys,26.23481500667757,2021-08-24,2021-09-22,29 days,Very New,young,Medium
2414,2415,61.0,104900.0,590.5657553102236,Female,South,30.0,Home & Garden,52.59570992680407,2021-09-11,2022-11-26,441 days,Regular,old,Low
2415,2416,70.0,79100.0,1215.7624784512102,Male,North,5.0,Clothing,6.50392993507033,2022-02-10,2023-09-19,586 days,Regular,Very Old,Medium
2416,2417,41.0,59200.0,118.19514627577053,Female,South,49.0,Health,39.93308329271872,2021-08-31,2023-07-07,675 days,Loyal,mid,
2417,2418,77.0,52900.0,207.4683611994942,Male,North,15.0,Electronics,66.62349040057875,2022-04-06,2023-01-18,287 days,New,Very Old,
2420,2421,37.0,37000.0,1209.2011257906215,Female,North,14.0,Health,20.022394040730664,2021-08-08,2023-05-07,637 days,Regular,mid,Medium
2421,2422,63.0,82600.0,143.70992748848528,Male,North,49.0,Home & Garden,81.73624033727843,2021-08-13,2021-10-14,62 days,Very New,old,
2422,2423,32.0,58800.0,1448.0244456478547,Female,East,8.0,Clothing,74.41995248606165,2021-04-11,2023-08-10,851 days,Loyal,young,Medium
2427,2428,34.0,87200.0,1768.7222447887448,Female,North,29.0,Electronics,15.80423197763735,2021-11-27,2021-11-28,1 days,Very New,mid,High
2428,2429,79.0,96600.0,1897.4330433512732,Female,West,41.0,Clothing,67.14508191554378,2021-08-25,2023-07-01,675 days,Loyal,Very Old,High
2429,2430,61.0,26900.0,983.7670757375848,Female,East,11.0,Electronics,23.7184461547264,2021-12-05,2023-12-02,727 days,Loyal,old,Low
2430,2431,37.0,61700.0,1410.6034592510196,Male,West,45.0,Home & Garden,50.01590062825443,2022-05-21,2022-10-07,139 days,Very New,mid,Medium
2432,2433,26.0,41900.0,726.0856474912845,Male,East,27.0,Home & Garden,48.8586052555819,2022-10-31,2023-05-26,207 days,Very New,young,Low
2434,2435,65.0,73000.0,1894.2651741011107,Female,West,26.0,Health,42.63349054403459,2022-12-29,2023-03-22,83 days,Very New,Very Old,High
2435,2436,74.0,104500.0,1458.0809307302595,Female,East,37.0,Electronics,99.9352929870033,2021-08-06,2023-01-18,530 days,Regular,Very Old,Medium
2436,2437,77.0,80600.0,454.9706240841361,Female,West,48.0,Health,43.58282342202101,2022-01-11,2023-08-17,583 days,Regular,Very Old,
2437,2438,39.0,92100.0,909.1851174987046,Female,North,9.0,Health,14.93794786378264,2021-01-12,2023-11-23,1045 days,Very Old,mid,Low
2439,2440,70.0,119200.0,1103.1847220185157,Male,East,32.0,Clothing,74.25931846422301,2021-03-24,2023-10-17,937 days,Very Old,Very Old,Medium
2441,2442,19.0,27500.0,1512.4610400492036,Female,South,32.0,Home & Garden,46.01032991762624,2022-09-17,2023-04-14,209 days,Very New,young,High
2447,2448,25.0,71900.0,732.3830384962206,Female,West,13.0,Health,57.5910758368637,2021-05-21,2021-06-22,32 days,Very New,young,Low
2448,2449,38.0,32300.0,823.5079425565377,Male,North,43.0,Toys,0.4648168925280638,2022-12-21,2023-01-30,40 days,Very New,mid,Low
2451,2452,35.0,99000.0,551.6397361606139,Female,East,42.0,Clothing,14.49920420027052,2022-04-01,2022-09-07,159 days,Very New,mid,Low
2455,2456,55.0,57100.0,568.3701438867275,Female,North,18.0,Home & Garden,84.37913444665007,2021-12-21,2022-10-13,296 days,New,old,Low
2457,2458,28.0,85200.0,1417.8508267806203,Male,West,48.0,Home & Garden,98.63296545513396,2021-05-29,2023-07-09,771 days,Loyal,young,Medium
2458,2459,62.0,86500.0,491.6546822417199,Male,East,38.0,Clothing,28.168183364816837,2021-07-29,2023-06-26,697 days,Loyal,old,
2459,2460,42.0,47600.0,789.576006328482,Female,East,48.0,Toys,31.5325355380146,2021-04-22,2022-11-03,560 days,Regular,mid,Low
2460,2461,50.0,93500.0,898.5288651187424,Male,West,16.0,Home & Garden,90.28780010577864,2022-10-16,2022-10-29,13 days,Very New,old,Low
2461,2462,77.0,72200.0,1784.801592500782,Male,West,33.0,Home & Garden,23.40790592022796,2022-06-20,2023-03-11,264 days,New,Very Old,High
2462,2463,55.0,119600.0,834.4339748558489,Female,North,3.0,Clothing,54.79009569871091,2021-02-18,2021-11-13,268 days,New,old,Low
2463,2464,58.0,63400.0,307.54553943219315,Female,East,38.0,Electronics,70.73449591910563,2021-11-27,2023-03-04,462 days,Regular,old,
2464,2465,25.0,44100.0,1058.1435779134397,Male,North,4.0,Electronics,27.188424526288568,2021-12-31,2022-07-30,211 days,Very New,young,Medium
2465,2466,28.0,95600.0,1926.6568294042868,Female,East,36.0,Toys,93.84129454447589,2021-01-11,2021-04-01,80 days,Very New,young,High
2466,2467,39.0,57800.0,1223.217569280606,Male,East,4.0,Clothing,66.56975480739203,2021-07-07,2023-12-02,878 days,Very Old,mid,Medium
2467,2468,68.0,46000.0,1967.1066965119337,Male,North,42.0,Toys,4.713930826982504,2022-05-24,2023-01-31,252 days,New,Very Old,High
2468,2469,41.0,69200.0,1685.3924716989627,Female,East,9.0,Electronics,13.573753126091392,2022-08-03,2023-02-09,190 days,Very New,mid,High
2470,2471,34.0,42900.0,1323.631198846543,Male,North,17.0,Health,24.49573639934497,2021-03-31,2021-04-19,19 days,Very New,mid,Medium
2471,2472,29.0,20300.0,587.7984175646096,Female,South,17.0,Clothing,73.06773700294364,2022-09-14,2023-07-17,306 days,New,young,Low
2472,2473,74.0,36600.0,1128.0413741765533,Female,North,33.0,Clothing,8.89352447554681,2022-11-07,2023-12-24,412 days,New,Very Old,Medium
2475,2476,32.0,110900.0,1847.8740492732752,Male,South,22.0,Home & Garden,55.6667686337004,2021-02-01,2022-08-13,558 days,Regular,young,High
2476,2477,33.0,23800.0,429.1535060855765,Male,West,27.0,Home & Garden,26.54965638385357,2021-11-23,2022-09-15,296 days,New,young,
2477,2478,71.0,86700.0,1750.7360536911444,Male,South,43.0,Electronics,95.705629648031,2021-03-15,2023-08-23,891 days,Very Old,Very Old,High
2478,2479,39.0,100800.0,80.30645997958368,Male,West,3.0,Clothing,24.43158919686824,2021-09-08,2023-08-23,714 days,Loyal,mid,
2479,2480,45.0,40900.0,199.9355459719038,Female,South,24.0,Health,90.50996212676428,2022-03-26,2022-10-15,203 days,Very New,mid,
2482,2483,27.0,91300.0,1499.5275533183094,Female,South,22.0,Electronics,76.49393184016161,2021-10-23,2022-10-01,343 days,New,young,Medium
2483,2484,57.0,39300.0,434.6469882272714,Female,South,25.0,Electronics,50.65693120572092,2021-10-25,2023-03-02,493 days,Regular,old,
2484,2485,49.0,56000.0,1083.425242068405,Male,East,10.0,Electronics,81.45787260026688,2021-11-24,2023-11-28,734 days,Loyal,old,Medium
2485,2486,67.0,53500.0,1479.6940626711837,Female,West,49.0,Health,83.61930977524904,2021-10-29,2021-11-29,31 days,Very New,Very Old,Medium
2487,2488,50.0,22200.0,953.9635584445948,Male,West,40.0,Electronics,40.03445182163753,2021-12-04,2023-12-09,735 days,Loyal,old,Low
2490,2491,50.0,36200.0,1817.346584477651,Male,East,39.0,Toys,86.6943495941869,2022-07-07,2023-07-13,371 days,New,old,High
2492,2493,30.0,110100.0,1476.2177866234126,Female,East,9.0,Health,59.35677567490424,2021-05-12,2022-04-20,343 days,New,young,Medium
2493,2494,47.0,98300.0,178.4361741202051,Female,East,44.0,Toys,3.098095327786188,2022-09-03,2023-10-20,412 days,New,mid,
2494,2495,50.0,32400.0,731.7399512708082,Male,South,26.0,Health,27.789439784074972,2021-02-22,2023-02-05,713 days,Loyal,old,Low
2495,2496,30.0,49000.0,1719.5714253049237,Male,West,9.0,Health,50.20576469023182,2022-05-11,2022-08-25,106 days,Very New,young,High
2496,2497,69.0,117600.0,480.5556470545368,Female,South,20.0,Home & Garden,58.73171721347009,2021-08-17,2021-11-08,83 days,Very New,Very Old,
2498,2499,39.0,88000.0,665.689992144811,Male,South,36.0,Toys,71.6222825011617,2021-07-31,2021-12-09,131 days,Very New,mid,Low
2499,2500,56.0,70400.0,456.4670120873756,Male,West,42.0,Electronics,65.62334322936319,2022-05-19,2023-06-25,402 days,New,old,
2502,2503,56.0,55600.0,-1000.0,Female,South,22.0,Health,64.15699856658924,2021-08-21,2023-10-30,800 days,Loyal,old,
2503,2504,43.0,116300.0,141.46087147805866,Female,North,1.0,Electronics,5.115951419627129,2021-03-12,2022-11-13,611 days,Regular,mid,
2505,2506,75.0,95500.0,1254.355228045804,Male,East,9.0,Health,999.0,2021-07-08,2023-07-03,725 days,Loyal,Very Old,Medium
2507,2508,32.0,53800.0,1126.7274157353463,Female,North,38.0,Health,35.46627517649591,2021-01-08,2023-05-08,850 days,Loyal,young,Medium
2510,2511,72.0,35000.0,1958.9413169809425,Male,East,42.0,Clothing,99.46292879915534,2021-01-16,2021-12-21,339 days,New,Very Old,High
2512,2513,66.0,70700.0,1350.5127530955613,Male,North,32.0,Health,73.61459716682506,2022-10-31,2023-03-28,148 days,Very New,Very Old,Medium
2513,2514,57.0,57300.0,496.5495476572531,Male,West,13.0,Electronics,54.77883349204357,2021-04-03,2021-07-19,107 days,Very New,old,
2514,2515,28.0,43400.0,1492.332984770023,Male,North,20.0,Home & Garden,32.52253005314737,2021-09-19,2023-05-03,591 days,Regular,young,Medium
2516,2517,20.0,48400.0,648.2321878762925,Male,South,43.0,Clothing,21.58579007652124,2021-06-10,2023-08-06,787 days,Loyal,young,Low
2517,2518,76.0,80900.0,977.753388133612,Male,East,44.0,Electronics,78.18535394902439,2021-12-17,2022-09-20,277 days,New,Very Old,Low
2518,2519,23.0,104800.0,603.314599222103,Male,North,37.0,Toys,27.902017741864537,2021-06-23,2023-07-06,743 days,Loyal,young,Low
2519,2520,26.0,83400.0,532.2360392420876,Male,West,30.0,Electronics,14.430248241185318,2021-11-13,2021-12-08,25 days,Very New,young,Low
2520,2521,23.0,55700.0,71.27421909398059,Male,East,10.0,Toys,33.12983404606731,2021-01-18,2022-01-23,370 days,New,young,
2523,2524,48.0,90200.0,23.17035134707708,Female,East,29.0,Electronics,38.736483696958,2021-12-17,2022-02-03,48 days,Very New,mid,
2527,2528,29.0,114800.0,1223.5683916803414,Male,East,41.0,Electronics,39.560047485584825,2021-03-09,2022-07-12,490 days,Regular,young,Medium
2528,2529,25.0,82800.0,818.6613239521794,Female,North,9.0,Toys,58.7319810172082,2021-01-30,2022-07-12,528 days,Regular,young,Low
2529,2530,25.0,26700.0,1359.414844114974,Male,North,42.0,Clothing,56.994471641576105,2021-11-12,2023-12-08,756 days,Loyal,young,Medium
2530,2531,67.0,53000.0,396.0668771361112,Female,East,42.0,Electronics,74.97675583342468,2021-06-13,2022-05-17,338 days,New,Very Old,
2531,2532,45.0,63500.0,1641.1186845606994,Female,East,2.0,Toys,67.03759104353388,2021-11-16,2022-10-06,324 days,New,mid,High
2532,2533,79.0,53700.0,251.0444574730816,Male,North,4.0,Home & Garden,27.680679711615376,2021-01-14,2022-06-15,517 days,Regular,Very Old,
2533,2534,37.0,72700.0,1318.8826822131564,Male,North,8.0,Clothing,25.56436715589626,2021-10-06,2023-08-11,674 days,Loyal,mid,Medium
2534,2535,79.0,37400.0,695.4756651229725,Female,North,32.0,Electronics,46.41417980634341,2022-03-08,2023-02-26,355 days,New,Very Old,Low
2537,2538,24.0,56700.0,915.659016187858,Female,West,13.0,Toys,94.83265830361624,2021-09-20,2022-08-27,341 days,New,young,Low
2539,2540,37.0,44000.0,1280.9064992830183,Female,West,24.0,Clothing,30.640839493350068,2022-06-06,2022-12-29,206 days,Very New,mid,Medium
2540,2541,33.0,64400.0,1950.0442899724176,Female,North,18.0,Clothing,69.3391230881426,2021-06-21,2021-08-09,49 days,Very New,young,High
2541,2542,21.0,66300.0,1654.6947813158897,Female,South,45.0,Electronics,4.472581624310179,2021-12-24,2023-07-29,582 days,Regular,young,High
2542,2543,23.0,106800.0,138.81622132624335,Female,West,40.0,Electronics,48.43969157830629,2021-01-13,2021-12-09,330 days,New,young,
2544,2545,39.0,113400.0,1852.6543581967385,Male,East,32.0,Electronics,16.19752849093503,2022-11-04,2023-07-27,265 days,New,mid,High
2545,2546,43.0,116400.0,1016.0266201629024,Male,South,44.0,Electronics,83.73878159418831,2021-08-20,2023-04-21,609 days,Regular,mid,Medium
2546,2547,20.0,96400.0,1330.981415100195,Male,East,33.0,Clothing,79.68121186802541,2022-04-21,2023-12-16,604 days,Regular,young,Medium
2548,2549,77.0,95400.0,1750.1134870313638,Male,West,18.0,Home & Garden,36.38272935633775,2021-06-09,2023-06-13,734 days,Loyal,Very Old,High
2550,2551,31.0,90100.0,886.5396792620521,Male,North,12.0,Health,84.86087568391967,2022-07-14,2023-05-01,291 days,New,young,Low
2551,2552,28.0,28300.0,692.5913845895824,Male,West,25.0,Toys,32.33201037486408,2021-09-18,2022-12-30,468 days,Regular,young,Low
2555,2556,40.0,59900.0,725.3747913154846,Male,East,47.0,Home & Garden,74.7302253748589,2021-12-25,2022-03-10,75 days,Very New,mid,Low
2558,2559,42.0,31100.0,1240.1564856746124,Female,East,46.0,Clothing,65.76169493263143,2022-05-30,2022-07-19,50 days,Very New,mid,Medium
2559,2560,62.0,108000.0,976.0994975493704,Male,North,39.0,Home & Garden,51.16631973579566,2021-10-07,2023-05-06,576 days,Regular,old,Low
2560,2561,68.0,53500.0,792.8450429378782,Female,South,8.0,Home & Garden,2.8589209939715032,2021-04-27,2022-12-22,604 days,Regular,Very Old,Low
2561,2562,75.0,25800.0,1819.9438349355285,Male,North,32.0,Clothing,6.600643312993249,2022-09-02,2023-04-25,235 days,New,Very Old,High
2565,2566,53.0,42200.0,903.7820672712534,Female,South,20.0,Clothing,2.9708305346752617,2022-08-17,2022-09-22,36 days,Very New,old,Low
2566,2567,62.0,55600.0,1110.367173111881,Female,West,6.0,Toys,36.8030052686807,2021-12-24,2022-08-02,221 days,New,old,Medium
2567,2568,25.0,50300.0,1890.038102006435,Female,East,43.0,Electronics,22.37824361164109,2022-10-22,2023-06-22,243 days,New,young,High
2568,2569,46.0,34300.0,440.30948026531854,Female,South,49.0,Toys,81.52052811654619,2022-06-02,2023-09-02,457 days,Regular,mid,
2569,2570,72.0,116000.0,1049.866998613676,Female,West,29.0,Clothing,84.5968144654641,2022-01-13,2023-11-20,676 days,Loyal,Very Old,Medium
2571,2572,72.0,87800.0,531.6174427833328,Female,West,17.0,Toys,71.08272534348721,2022-03-02,2023-08-15,531 days,Regular,Very Old,Low
2572,2573,49.0,72700.0,1640.8145961387538,Female,South,31.0,Toys,73.17560373014285,2022-06-21,2023-09-28,464 days,Regular,old,High
2574,2575,61.0,99800.0,1568.2265079806534,Female,North,38.0,Electronics,43.36959170082358,2021-06-18,2021-12-04,169 days,Very New,old,High
2575,2576,35.0,45700.0,406.8107424802446,Male,North,37.0,Home & Garden,62.03378054437996,2022-05-30,2023-09-18,476 days,Regular,mid,
2577,2578,35.0,73600.0,1218.7800809045775,Male,East,2.0,Clothing,40.45918330458827,2022-11-14,2023-06-21,219 days,New,mid,Medium
2579,2580,39.0,51000.0,20000.0,Male,North,35.0,Home & Garden,54.18965011208873,2022-07-23,2022-11-13,113 days,Very New,mid,VIP
2580,2581,54.0,72200.0,1070.2399562479404,Female,East,6.0,Electronics,84.29175834609546,2021-03-24,2022-03-02,343 days,New,old,Medium
2583,2584,58.0,83200.0,856.9510876638021,Female,South,21.0,Clothing,2.965724559679117,2021-05-13,2023-01-25,622 days,Regular,old,Low
2585,2586,20.0,67600.0,625.2902289047673,Female,East,35.0,Electronics,32.79815585256125,2022-04-02,2023-05-22,415 days,New,young,Low
2586,2587,45.0,111100.0,1058.5111369535734,Female,West,48.0,Electronics,57.26665034718926,2021-12-19,2023-02-16,424 days,New,mid,Medium
2588,2589,68.0,20600.0,1563.3763734313663,Female,North,7.0,Home & Garden,77.68623528361118,2021-04-04,2023-05-05,761 days,Loyal,Very Old,High
2589,2590,52.0,117800.0,1538.9980225291404,Female,West,15.0,Health,86.07197057335678,2022-01-17,2022-09-27,253 days,New,old,High
2590,2591,78.0,39300.0,1945.923711656949,Female,North,45.0,Clothing,88.92256020848936,2021-10-22,2022-04-01,161 days,Very New,Very Old,High
2595,2596,24.0,95700.0,887.4610690459244,Female,East,22.0,Electronics,12.052500222632355,2021-08-02,2023-11-16,836 days,Loyal,young,Low
2596,2597,29.0,115100.0,1639.2210925670504,Female,North,32.0,Electronics,76.27648111211613,2022-10-05,2023-10-28,388 days,New,young,High
2598,2599,47.0,92600.0,1860.987610808396,Female,North,27.0,Electronics,85.55494904355281,2021-06-08,2023-11-05,880 days,Very Old,mid,High
2599,2600,38.0,59200.0,1896.7696151581565,Male,South,46.0,Electronics,73.89308599861465,2022-07-11,2023-06-18,342 days,New,mid,High
2600,2601,48.0,38100.0,157.22292191712245,Male,East,15.0,Home & Garden,37.65196406964849,2021-07-20,2021-07-26,6 days,Very New,mid,
2601,2602,75.0,37000.0,923.6986106306,Female,North,44.0,Home & Garden,90.35391853604526,2021-01-22,2023-06-29,888 days,Very Old,Very Old,Low
2603,2604,41.0,30000.0,526.6276308081813,Male,East,28.0,Home & Garden,96.69886314359232,2021-08-30,2022-03-30,212 days,Very New,mid,Low
2605,2606,54.0,43500.0,1361.8094514130426,Female,West,38.0,Toys,99.06748512711891,2021-05-29,2022-01-10,226 days,New,old,Medium
2607,2608,45.0,106700.0,1211.9230788894158,Male,South,34.0,Health,27.403604587713083,2021-01-07,2021-03-16,68 days,Very New,mid,Medium
2608,2609,61.0,64500.0,1400.946699765326,Male,East,36.0,Electronics,74.12642565144732,2021-08-21,2021-08-30,9 days,Very New,old,Medium
2609,2610,79.0,24600.0,199.18269596981617,Female,East,9.0,Electronics,15000.0,2022-08-02,2023-11-07,462 days,Regular,Very Old,
2610,2611,37.0,103100.0,1005.1080457343564,Female,East,15.0,Health,2.877081711945295,2021-03-18,2021-05-03,46 days,Very New,mid,Medium
2612,2613,41.0,94200.0,1454.2849848761282,Male,West,20.0,Clothing,25.624262925624773,2021-03-28,2021-08-22,147 days,Very New,mid,Medium
2613,2614,67.0,92800.0,395.31990690314217,Female,West,8.0,Clothing,85.27786766315614,2021-08-10,2023-08-26,746 days,Loyal,Very Old,
2614,2615,66.0,106800.0,1786.6310727654509,Male,East,28.0,Toys,76.7153102143225,2022-02-17,2022-05-12,84 days,Very New,Very Old,High
2615,2616,68.0,54100.0,873.2638463062873,Female,East,19.0,Health,34.0277462168857,2022-08-07,2023-11-30,480 days,Regular,Very Old,Low
2616,2617,49.0,86700.0,412.046000008956,Female,South,16.0,Home & Garden,0.2011264345435748,2021-07-21,2022-12-28,525 days,Regular,old,
2618,2619,53.0,76600.0,829.3126503608852,Male,North,42.0,Electronics,23.795547145095085,2021-10-03,2021-12-03,61 days,Very New,old,Low
2619,2620,75.0,88300.0,869.2595397975464,Male,West,8.0,Health,74.56089284998436,2021-08-09,2022-05-28,292 days,New,Very Old,Low
2620,2621,70.0,23300.0,1179.411361124945,Female,East,33.0,Home & Garden,44.6349664382626,2021-06-06,2022-08-26,446 days,Regular,Very Old,Medium
2621,2622,51.0,77500.0,1051.9239753288043,Female,West,10.0,Home & Garden,67.86019230476671,2021-06-30,2022-03-04,247 days,New,old,Medium
2624,2625,32.0,45400.0,1464.2425884785505,Female,West,43.0,Clothing,33.59555407282924,2021-08-31,2022-01-22,144 days,Very New,young,Medium
2625,2626,51.0,111100.0,1128.2405231380606,Female,East,3.0,Home & Garden,76.9543546015249,2021-06-21,2022-10-03,469 days,Regular,old,Medium
2626,2627,53.0,39200.0,730.8215207969422,Male,East,40.0,Clothing,26.518723977117787,2022-05-18,2023-12-03,564 days,Regular,old,Low
2628,2629,56.0,44000.0,788.3557790366948,Female,East,28.0,Electronics,7.142764673293578,2021-09-27,2022-11-28,427 days,New,old,Low
2629,2630,59.0,44600.0,1596.010877409203,Female,South,46.0,Clothing,83.54686411085447,2022-02-25,2022-07-19,144 days,Very New,old,High
2630,2631,68.0,42500.0,625.3971324745019,Female,South,6.0,Clothing,9.155572727095109,2021-06-12,2022-03-22,283 days,New,Very Old,Low
2631,2632,68.0,97000.0,164.2336891394955,Male,North,47.0,Home & Garden,5.613698040981574,2021-01-24,2021-07-19,176 days,Very New,Very Old,
2632,2633,75.0,35000.0,1866.6265937238595,Female,North,14.0,Home & Garden,36.32569373481609,2022-05-12,2023-08-06,451 days,Regular,Very Old,High
2633,2634,71.0,43600.0,801.2112359771188,Male,North,7.0,Electronics,95.6549354474828,2021-07-12,2022-05-28,320 days,New,Very Old,Low
2636,2637,20.0,118000.0,1299.8029220048388,Female,East,31.0,Home & Garden,14.863755566206615,2021-05-09,2022-06-30,417 days,New,young,Medium
2639,2640,57.0,114900.0,1664.6588140784568,Female,West,17.0,Electronics,75.95928827379745,2021-02-05,2023-06-09,854 days,Loyal,old,High
2640,2641,38.0,59400.0,1151.2393498444187,Male,South,29.0,Clothing,44.39990207467262,2022-04-02,2023-07-20,474 days,Regular,mid,Medium
2641,2642,32.0,66300.0,1222.794072738967,Female,West,49.0,Clothing,77.98835857345134,2021-12-27,2023-04-08,467 days,Regular,young,Medium
2644,2645,43.0,42300.0,105.99804732656216,Female,South,26.0,Electronics,83.35120997416551,2022-01-04,2023-12-09,704 days,Loyal,mid,
2645,2646,25.0,104500.0,536.8362152409793,Female,South,12.0,Clothing,19.56477465527071,2022-04-14,2022-05-31,47 days,Very New,young,Low
2646,2647,53.0,102900.0,1754.0098269411276,Female,East,25.0,Health,16.181049566051332,2021-07-05,2022-11-19,502 days,Regular,old,High
2647,2648,65.0,109200.0,1509.644491013273,Male,South,41.0,Toys,75.06502585026682,2022-04-19,2023-10-17,546 days,Regular,Very Old,High
2648,2649,47.0,111100.0,54.93741715363957,Male,South,5.0,Toys,24.47970621552955,2021-03-02,2023-11-16,989 days,Very Old,mid,
2649,2650,40.0,86800.0,1043.672440755223,Male,West,4.0,Clothing,0.279438382038466,2021-09-19,2023-12-30,832 days,Loyal,mid,Medium
2650,2651,59.0,74200.0,1068.5539078110962,Female,West,44.0,Home & Garden,91.1960168644538,2021-04-21,2021-10-20,182 days,Very New,old,Medium
2651,2652,61.0,79600.0,813.7466275532626,Male,North,48.0,Toys,62.29370580330629,2021-05-21,2021-08-19,90 days,Very New,old,Low
2652,2653,31.0,108200.0,608.8387974827397,Male,West,41.0,Toys,44.49376980079407,2022-06-19,2023-07-27,403 days,New,young,Low
2653,2654,31.0,23400.0,1369.8152038164374,Male,South,31.0,Toys,72.57365100090378,2021-03-20,2022-06-02,439 days,Regular,young,Medium
2654,2655,19.0,49800.0,431.4251201154125,Female,East,3.0,Toys,33.33317331152858,2022-05-09,2023-11-14,554 days,Regular,young,
2655,2656,72.0,84500.0,1601.918152901978,Female,West,3.0,Clothing,95.36660570954176,2021-01-31,2022-12-07,675 days,Loyal,Very Old,High
2658,2659,55.0,102400.0,581.4250616011024,Male,West,10.0,Home & Garden,77.72894828612735,2022-09-22,2023-05-03,223 days,New,old,Low
2659,2660,62.0,66900.0,582.0787995496122,Female,West,2.0,Health,46.912590789350936,2021-03-07,2023-08-28,904 days,Very Old,old,Low
2661,2662,79.0,35200.0,1444.7668650037303,Female,West,11.0,Health,92.69103978785694,2022-01-06,2022-08-23,229 days,New,Very Old,Medium
2662,2663,71.0,76600.0,730.5600081678404,Female,East,24.0,Electronics,74.39939006792845,2021-10-14,2023-02-17,491 days,Regular,Very Old,Low
2664,2665,78.0,47300.0,777.3192319535368,Male,West,23.0,Home & Garden,56.184637471920254,2021-05-03,2021-07-24,82 days,Very New,Very Old,Low
2665,2666,64.0,29100.0,622.9559145197389,Male,East,32.0,Toys,91.16035178596232,2021-08-19,2021-12-07,110 days,Very New,Very Old,Low
2666,2667,31.0,89400.0,69.22184151327244,Female,West,23.0,Home & Garden,44.90977254824927,2022-07-09,2023-11-22,501 days,Regular,young,
2667,2668,73.0,51100.0,27.749929356073466,Female,North,34.0,Electronics,68.16984949157148,2021-01-04,2023-12-03,1063 days,Very Old,Very Old,
2669,2670,42.0,34800.0,824.6844478659709,Female,North,19.0,Toys,12.134415694036216,2022-02-16,2023-06-08,477 days,Regular,mid,Low
2672,2673,56.0,56000.0,548.98721992422,Female,North,15.0,Electronics,61.25417734210957,2022-05-02,2022-09-19,140 days,Very New,old,Low
2673,2674,23.0,92500.0,504.1900771089127,Female,South,21.0,Clothing,10.38149131224916,2021-12-11,2022-11-21,345 days,New,young,Low
2674,2675,34.0,52100.0,470.0977007186543,Female,West,35.0,Home & Garden,85.7438558469838,2021-11-29,2023-02-13,441 days,Regular,mid,
2675,2676,76.0,111100.0,691.6899342471567,Male,North,5.0,Health,52.269313651081326,2022-03-29,2023-07-02,460 days,Regular,Very Old,Low
2681,2682,54.0,55200.0,324.84721255967764,Female,East,46.0,Clothing,3.137968801685298,2022-03-16,2023-03-16,365 days,New,old,
2682,2683,22.0,45400.0,1416.605612984354,Male,South,33.0,Electronics,31.530490019900316,2021-01-29,2023-09-13,957 days,Very Old,young,Medium
2683,2684,18.0,112500.0,502.4043673042542,Male,South,49.0,Clothing,26.74454143954117,2021-12-01,2023-01-06,401 days,New,young,Low
2684,2685,57.0,89700.0,947.8315840405894,Male,West,17.0,Electronics,94.95949952878708,2021-08-26,2023-06-08,651 days,Loyal,old,Low
2685,2686,29.0,52200.0,1190.7762748680243,Male,East,46.0,Clothing,18.533856888033608,2021-06-02,2023-09-09,829 days,Loyal,young,Medium
2687,2688,53.0,117200.0,1779.9330948189706,Female,East,30.0,Electronics,4.275353774929302,2021-04-25,2023-08-30,857 days,Very Old,old,High
2688,2689,62.0,65700.0,1496.552792689091,Female,South,8.0,Clothing,19.76840856942385,2022-02-03,2023-05-11,462 days,Regular,old,Medium
2689,2690,40.0,65900.0,89.61084425603282,Female,North,40.0,Health,33.859735425435275,2021-02-01,2022-12-08,675 days,Loyal,mid,
2691,2692,48.0,77200.0,1577.4352722463827,Male,South,7.0,Toys,78.99765800618003,2021-02-22,2022-04-29,431 days,Regular,mid,High
2697,2698,33.0,57100.0,41.806449504502766,Male,West,25.0,Clothing,86.58860907297334,2021-03-23,2023-09-29,920 days,Very Old,young,
2698,2699,27.0,95900.0,844.9393540792261,Female,West,47.0,Clothing,8.928625153113057,2021-01-01,2023-06-15,895 days,Very Old,young,Low
2699,2700,46.0,81800.0,326.91716148517406,Male,South,33.0,Electronics,82.27691015073356,2021-06-16,2023-10-01,837 days,Loyal,mid,
2701,2702,29.0,45500.0,1423.422544514185,Female,West,5.0,Health,33.38416300693422,2021-07-02,2023-11-12,863 days,Very Old,young,Medium
2706,2707,37.0,102600.0,1533.218164177403,Female,North,29.0,Toys,77.36697713650497,2021-07-20,2022-12-18,516 days,Regular,mid,High
2707,2708,25.0,35500.0,1584.1495100332102,Female,South,8.0,Clothing,23.529776177631323,2021-07-11,2023-05-15,673 days,Loyal,young,High
2708,2709,60.0,78000.0,1285.805035877606,Male,North,34.0,Electronics,15.169044906928097,2021-12-07,2022-04-27,141 days,Very New,old,Medium
2709,2710,29.0,103000.0,1709.861795341055,Female,North,40.0,Clothing,38.92634629817701,2021-10-26,2021-12-06,41 days,Very New,young,High
2710,2711,18.0,36400.0,1479.9984846207292,Male,South,1.0,Home & Garden,88.32683472128848,2022-05-21,2023-03-07,290 days,New,young,Medium
2711,2712,74.0,24200.0,1766.7673597094413,Male,East,29.0,Toys,9.142507416300315,2022-08-11,2023-06-11,304 days,New,Very Old,High
2712,2713,71.0,64900.0,879.0983360012493,Female,West,36.0,Toys,54.29140103443503,2021-05-20,2023-02-15,636 days,Regular,Very Old,Low
2713,2714,37.0,31400.0,1500.242313636896,Male,South,37.0,Toys,8.88074794030419,2021-11-02,2022-08-24,295 days,New,mid,High
2714,2715,45.0,81000.0,1999.508095589508,Female,East,29.0,Home & Garden,47.0212121164239,2021-07-15,2022-03-13,241 days,New,mid,High
2715,2716,74.0,64300.0,1455.363771088846,Male,North,5.0,Health,12.679151216098228,2021-03-02,2023-12-19,1022 days,Very Old,Very Old,Medium
2717,2718,54.0,32500.0,1046.2710704097824,Male,South,24.0,Toys,19.08493330635848,2021-11-03,2023-07-23,627 days,Regular,old,Medium
2718,2719,64.0,38900.0,1182.9486266611952,Female,South,19.0,Clothing,25.52560193687662,2022-04-25,2022-06-24,60 days,Very New,Very Old,Medium
2720,2721,29.0,97700.0,1926.5254356725145,Male,South,1.0,Clothing,64.52679472473328,2021-03-24,2022-07-17,480 days,Regular,young,High
2721,2722,54.0,35800.0,367.6479597165402,Male,West,7.0,Electronics,5.498187562288126,2021-11-30,2022-07-12,224 days,New,old,
2722,2723,66.0,35900.0,371.56468103218106,Female,East,17.0,Electronics,8.080905990536413,2022-06-01,2022-09-10,101 days,Very New,Very Old,
2725,2726,61.0,109500.0,145.11279296354206,Male,East,7.0,Electronics,62.86049260632328,2022-08-23,2023-09-26,399 days,New,old,
2728,2729,64.0,30400.0,147.71150219939236,Female,North,29.0,Home & Garden,21.322034907000088,2022-12-21,2023-10-05,288 days,New,Very Old,
2731,2732,61.0,67300.0,1128.3955299159331,Male,East,43.0,Health,57.42809642273129,2021-01-21,2021-01-21,0 days,Very New,old,Medium
2732,2733,76.0,65600.0,1049.8285207147412,Male,West,29.0,Electronics,700.0,2021-06-26,2023-06-24,728 days,Loyal,Very Old,Medium
2734,2735,37.0,87000.0,543.3135104920348,Male,North,5.0,Toys,42.4685158472255,2021-01-22,2021-07-25,184 days,Very New,mid,Low
2736,2737,31.0,42800.0,1032.451397796343,Male,West,23.0,Health,16.11228967158337,2021-09-07,2023-04-30,600 days,Regular,young,Medium
2737,2738,19.0,79300.0,1617.2379924318875,Male,West,21.0,Health,25.744898784259085,2022-10-23,2023-10-26,368 days,New,young,High
2738,2739,26.0,44000.0,118.73186145847414,Female,West,26.0,Health,92.56635763208917,2021-03-14,2021-07-26,134 days,Very New,young,
2739,2740,54.0,105200.0,1214.7403401960871,Male,West,47.0,Health,14.103601093520211,2021-04-01,2022-09-27,544 days,Regular,old,Medium
2740,2741,37.0,99700.0,1617.4207221625018,Male,South,21.0,Health,96.86995467436516,2021-06-25,2021-12-11,169 days,Very New,mid,High
2742,2743,46.0,58300.0,49.74463312152126,Male,East,23.0,Electronics,45.66067747668311,2021-07-23,2022-07-01,343 days,New,mid,
2743,2744,18.0,39600.0,639.1723243800869,Male,West,4.0,Home & Garden,17.46383806863545,2021-09-03,2023-09-11,738 days,Loyal,young,Low
2746,2747,23.0,45600.0,863.7222945255213,Male,South,1.0,Electronics,37.06630679132212,2021-02-13,2021-03-16,31 days,Very New,young,Low
2747,2748,54.0,93200.0,1113.5965648010704,Female,West,15.0,Health,26.451621858529197,2022-09-01,2023-08-05,338 days,New,old,Medium
2748,2749,70.0,50200.0,1205.788527619488,Female,West,17.0,Clothing,6.648680301487198,2022-07-02,2023-07-02,365 days,New,Very Old,Medium
2749,2750,76.0,30400.0,563.3352075807428,Female,West,14.0,Toys,51.93281165510958,2021-06-17,2022-12-11,542 days,Regular,Very Old,Low
2750,2751,22.0,61200.0,812.0586792528569,Female,West,19.0,Electronics,31.290833305863675,2022-03-11,2023-05-03,418 days,New,young,Low
2751,2752,50.0,113000.0,1561.1116735537662,Female,East,34.0,Home & Garden,70.78652030027722,2021-01-30,2023-02-15,746 days,Loyal,old,High
2752,2753,66.0,90800.0,1883.605094358957,Female,East,6.0,Electronics,72.35223567491525,2022-08-20,2023-06-05,289 days,New,Very Old,High
2753,2754,68.0,53500.0,1726.5230556141494,Female,South,45.0,Electronics,33.210701153779645,2021-12-23,2023-01-06,379 days,New,Very Old,High
2754,2755,31.0,48100.0,1137.2813334321952,Male,North,49.0,Electronics,66.91206835667609,2022-05-06,2022-09-26,143 days,Very New,young,Medium
2755,2756,29.0,74300.0,832.3797498290141,Male,West,6.0,Electronics,25.86752402794943,2022-09-25,2023-11-18,419 days,New,young,Low
2758,2759,70.0,107500.0,230.9714694879037,Female,South,33.0,Electronics,15.16087669853128,2021-09-10,2022-02-25,168 days,Very New,Very Old,
2764,2765,51.0,106100.0,313.1583237878827,Female,East,7.0,Clothing,0.9174994152910898,2021-05-03,2023-11-01,912 days,Very Old,old,
2765,2766,42.0,51400.0,215.3967509646428,Female,West,3.0,Home & Garden,76.21209753744085,2021-10-21,2023-01-14,450 days,Regular,mid,
2767,2768,46.0,48400.0,1263.1703754841608,Male,North,33.0,Electronics,90.06793870200173,2021-05-23,2022-01-09,231 days,New,mid,Medium
2770,2771,48.0,34100.0,1581.0310712709268,Male,South,45.0,Health,73.12516574367022,2021-02-26,2021-05-20,83 days,Very New,mid,High
2771,2772,73.0,100100.0,1639.8462532770618,Male,West,14.0,Clothing,67.51494194489744,2021-02-11,2023-08-31,931 days,Very Old,Very Old,High
2772,2773,64.0,86000.0,1916.6659099169835,Female,West,37.0,Home & Garden,24.30574406047079,2022-09-23,2023-11-11,414 days,New,Very Old,High
2773,2774,60.0,56700.0,1652.0506121272915,Female,West,23.0,Electronics,59.568773496806216,2021-05-01,2023-01-03,612 days,Regular,old,High
2774,2775,67.0,37700.0,1138.3860447005047,Male,North,24.0,Toys,79.37576531077536,2021-12-09,2023-01-24,411 days,New,Very Old,Medium
2777,2778,55.0,51500.0,127.93354202350122,Male,East,27.0,Clothing,25.20970651139756,2022-03-13,2023-11-13,610 days,Regular,old,
2778,2779,37.0,118600.0,1339.7211469350598,Female,East,38.0,Home & Garden,94.78512885341324,2021-12-07,2023-06-20,560 days,Regular,mid,Medium
2779,2780,40.0,40600.0,1618.9217856880264,Male,North,40.0,Toys,53.82202213611084,2021-12-07,2022-01-13,37 days,Very New,mid,High
2780,2781,79.0,43600.0,1027.1942223544766,Female,West,45.0,Toys,3.3386182631281125,2022-02-20,2023-07-11,506 days,Regular,Very Old,Medium
2781,2782,62.0,31200.0,128.33406617060706,Male,East,23.0,Electronics,40.343061878255526,2021-07-01,2022-01-08,191 days,Very New,old,
2782,2783,69.0,91100.0,1080.2317376908495,Female,East,31.0,Toys,96.63118582194858,2022-11-08,2023-12-23,410 days,New,Very Old,Medium
2783,2784,33.0,79200.0,1872.7835378186096,Male,North,36.0,Health,73.03729932442135,2021-09-21,2023-02-17,514 days,Regular,young,High
2785,2786,59.0,53000.0,1622.6664271563734,Female,North,37.0,Clothing,57.52672943138663,2022-06-07,2022-06-07,0 days,Very New,old,High
2786,2787,77.0,55400.0,1604.302243815666,Female,North,3.0,Toys,59.91013556195962,2021-07-01,2022-08-07,402 days,New,Very Old,High
2787,2788,72.0,54700.0,1865.615617565693,Male,West,36.0,Health,2.3348160783210226,2022-03-20,2022-05-16,57 days,Very New,Very Old,High
2788,2789,25.0,113100.0,1545.052955986749,Female,North,5.0,Clothing,17.8833361249222,2021-09-08,2023-06-15,645 days,Loyal,young,High
2789,2790,67.0,87600.0,1500.4470177459173,Male,West,46.0,Health,55.17769383122278,2021-05-18,2023-09-26,861 days,Very Old,Very Old,High
2790,2791,38.0,86800.0,483.52327664186834,Female,South,15.0,Toys,40.275255849068905,2021-08-06,2022-07-14,342 days,New,mid,
2791,2792,18.0,91100.0,138.65180753574128,Female,West,49.0,Toys,19.00378145201608,2022-03-30,2023-10-09,558 days,Regular,young,
2792,2793,72.0,57900.0,1044.8469408065394,Male,South,6.0,Home & Garden,77.26687348641698,2021-03-28,2021-08-21,146 days,Very New,Very Old,Medium
2793,2794,25.0,33900.0,266.3797317345753,Female,South,10.0,Electronics,48.89948806787626,2021-10-20,2022-07-14,267 days,New,young,
2794,2795,46.0,100100.0,1925.1478350304228,Female,South,32.0,Health,30.997314236684915,2021-04-02,2023-07-10,829 days,Loyal,mid,High
2795,2796,49.0,21900.0,594.0510300133966,Male,North,23.0,Electronics,16.167734641574594,2021-07-27,2023-05-11,653 days,Loyal,old,Low
2796,2797,55.0,53100.0,1708.8295227009005,Female,West,48.0,Electronics,61.116336279163086,2021-07-23,2023-05-22,668 days,Loyal,old,High
2798,2799,64.0,40800.0,659.9246147176074,Female,North,46.0,Clothing,66.95972165770952,2021-03-26,2022-09-06,529 days,Regular,Very Old,Low
2799,2800,39.0,108100.0,1871.6139733057096,Female,South,20.0,Health,22.02873602887028,2022-10-26,2022-12-04,39 days,Very New,mid,High
2800,2801,64.0,103500.0,739.3786927307235,Male,East,44.0,Electronics,59.53384072223521,2021-06-05,2022-06-25,385 days,New,Very Old,Low
2801,2802,51.0,66200.0,792.7700591530102,Female,North,41.0,Home & Garden,90.54064648584274,2021-10-20,2023-02-04,472 days,Regular,old,Low
2802,2803,18.0,69000.0,230.06172363356012,Female,East,15.0,Electronics,35.31876007629875,2022-06-17,2023-01-08,205 days,Very New,young,
2803,2804,72.0,87300.0,1347.4843972593685,Female,South,44.0,Clothing,21.07669326418441,2021-06-10,2022-08-29,445 days,Regular,Very Old,Medium
2804,2805,72.0,100400.0,591.9020406654768,Female,East,46.0,Electronics,77.2149516020762,2022-01-21,2022-09-14,236 days,New,Very Old,Low
2805,2806,43.0,23300.0,1179.4962523222243,Female,East,22.0,Toys,17.68829401594514,2022-04-30,2023-10-19,537 days,Regular,mid,Medium
2807,2808,27.0,102000.0,1444.0153972796188,Female,East,4.0,Home & Garden,10.064439431196249,2021-06-05,2023-09-22,839 days,Loyal,young,Medium
2808,2809,47.0,95500.0,1495.5781426214337,Female,North,23.0,Health,26.787431607466928,2021-05-23,2023-08-04,803 days,Loyal,mid,Medium
2810,2811,35.0,109500.0,675.364056254738,Male,West,45.0,Toys,6.415786194299111,2021-10-11,2022-01-28,109 days,Very New,mid,Low
2812,2813,43.0,50000.0,633.5339858287997,Male,East,45.0,Toys,51.36747922166857,2021-02-04,2023-09-05,943 days,Very Old,mid,Low
2815,2816,57.0,28600.0,1713.0552042199824,Male,West,3.0,Toys,66.98352295539118,2022-01-28,2022-04-24,86 days,Very New,old,High
2816,2817,66.0,84000.0,875.198691668741,Male,East,28.0,Clothing,43.17817358510308,2022-02-12,2022-09-10,210 days,Very New,Very Old,Low
2817,2818,29.0,92400.0,784.4763938982189,Male,South,3.0,Health,120.0,2022-12-04,2023-02-23,81 days,Very New,young,Low
2818,2819,44.0,104300.0,1385.850911937322,Female,West,14.0,Electronics,82.14021435154072,2022-01-23,2023-12-09,685 days,Loyal,mid,Medium
2819,2820,25.0,28300.0,1212.833397525657,Female,South,18.0,Toys,67.18491118865228,2022-11-27,2023-11-22,360 days,New,young,Medium
2820,2821,42.0,83300.0,232.34873032177524,Male,North,27.0,Clothing,49.13356191742305,2021-10-24,2022-08-24,304 days,New,mid,
2821,2822,63.0,45900.0,1026.174236561047,Male,South,10.0,Toys,78.22693506022277,2021-11-19,2023-07-29,617 days,Regular,old,Medium
2822,2823,21.0,111700.0,1476.2472088998304,Male,South,49.0,Home & Garden,49.42853114048491,2022-05-03,2023-09-19,504 days,Regular,young,Medium
2824,2825,18.0,113100.0,1265.7107312612318,Male,South,19.0,Home & Garden,11.63402232441062,2021-02-08,2023-10-24,988 days,Very Old,young,Medium
2826,2827,48.0,34100.0,467.78016760819446,Male,North,4.0,Health,21.35630084578761,2022-05-18,2022-07-26,69 days,Very New,mid,
2827,2828,33.0,69900.0,1748.203863623574,Female,North,15.0,Home & Garden,81.59249910219764,2022-06-21,2022-08-10,50 days,Very New,young,High
2828,2829,31.0,92800.0,1632.8391199847354,Male,South,48.0,Home & Garden,24.670540727502853,2021-11-12,2021-12-23,41 days,Very New,young,High
2829,2830,70.0,115500.0,483.16718514318205,Male,South,8.0,Health,43.07800938568164,2022-05-11,2022-11-16,189 days,Very New,Very Old,
2830,2831,65.0,29100.0,417.25153849021547,Female,West,49.0,Clothing,65.4948112098144,2021-04-27,2023-05-08,741 days,Loyal,Very Old,
2831,2832,22.0,69500.0,1435.9708180861278,Male,North,3000.0,Electronics,15.886717289590411,2021-12-08,2022-10-21,317 days,New,young,Medium
2833,2834,43.0,77100.0,626.6696207566765,Female,North,31.0,Home & Garden,68.99129725565383,2022-11-18,2023-10-04,320 days,New,mid,Low
2834,2835,79.0,39800.0,321.53468919395743,Male,East,18.0,Electronics,54.3082889105783,2022-03-21,2022-04-06,16 days,Very New,Very Old,
2835,2836,45.0,83400.0,542.6715290254632,Male,West,12.0,Toys,56.58897560424324,2022-05-02,2022-12-19,231 days,New,mid,Low
2836,2837,19.0,112500.0,866.4649640334462,Female,South,48.0,Toys,10.57717935215904,2022-02-15,2022-05-27,101 days,Very New,young,Low
2837,2838,67.0,49500.0,1471.0199077993827,Female,West,30.0,Home & Garden,43.59491504351223,2022-09-15,2023-12-08,449 days,Regular,Very Old,Medium
2838,2839,23.0,96600.0,685.8900269392245,Male,South,33.0,Clothing,8.65713953576246,2021-10-25,2022-05-06,193 days,Very New,young,Low
2839,2840,26.0,66700.0,670.6365921700885,Female,North,47.0,Clothing,30.78632910335106,2021-02-21,2021-09-30,221 days,New,young,Low
2840,2841,50.0,40000.0,584.1282400538229,Male,South,7.0,Electronics,90.03121410906336,2021-10-31,2023-10-10,709 days,Loyal,old,Low
2841,2842,58.0,40900.0,967.0016616718652,Female,East,28.0,Electronics,57.45334005547921,2021-10-15,2022-06-11,239 days,New,old,Low
2843,2844,65.0,73800.0,981.5488533836084,Female,West,3.0,Clothing,57.38858673758923,2021-04-28,2022-09-16,506 days,Regular,Very Old,Low
2847,2848,30.0,118000.0,168.74336210592827,Female,North,38.0,Electronics,13.840500286702753,2021-05-07,2023-01-31,634 days,Regular,young,
2848,2849,48.0,93700.0,1080.606922221662,Female,North,15.0,Health,81.69067100945848,2021-10-20,2021-11-19,30 days,Very New,mid,Medium
2849,2850,58.0,61300.0,1711.821064707099,Female,West,7.0,Clothing,55.53921789782959,2022-06-03,2023-09-04,458 days,Regular,old,High
2850,2851,28.0,39000.0,29.67124272009885,Female,East,43.0,Toys,0.42752021687813,2021-08-10,2022-03-21,223 days,New,young,
2851,2852,21.0,112900.0,1874.5893830776683,Female,East,30.0,Electronics,51.9778486337977,2021-03-18,2021-12-08,265 days,New,young,High
2854,2855,55.0,104900.0,976.0524346662346,Female,West,18.0,Home & Garden,77.12572199178751,2021-04-27,2022-02-14,293 days,New,old,Low
2855,2856,63.0,65600.0,1325.527626812111,Female,East,22.0,Clothing,89.94998836588509,2021-10-19,2022-05-20,213 days,Very New,old,Medium
2858,2859,36.0,71200.0,1673.100868161495,Female,West,40.0,Health,90.87809432111732,2021-06-06,2022-12-09,551 days,Regular,mid,High
2859,2860,23.0,36300.0,1516.6550315442764,Male,East,24.0,Electronics,91.26293113764775,2022-07-26,2023-04-03,251 days,New,young,High
2860,2861,51.0,88700.0,977.1364283155484,Female,West,8.0,Clothing,11.463814299675745,2021-07-03,2022-04-06,277 days,New,old,Low
2863,2864,58.0,97500.0,1607.0481322237697,Male,North,43.0,Toys,50.64625847036726,2022-11-04,2023-06-11,219 days,New,old,High
2865,2866,36.0,112000.0,973.546497634338,Female,East,3.0,Electronics,19.910229039817334,2021-01-16,2023-11-16,1034 days,Very Old,mid,Low
2866,2867,62.0,118700.0,1367.522345894216,Male,North,31.0,Clothing,63.97866287665797,2021-04-08,2022-01-09,276 days,New,old,Medium
2867,2868,28.0,97300.0,1720.5063351602355,Female,East,27.0,Home & Garden,64.43790464178937,2022-09-08,2022-10-16,38 days,Very New,young,High
2868,2869,18.0,86700.0,1265.1688259383443,Male,West,46.0,Clothing,16.035398468777295,2021-10-27,2023-06-23,604 days,Regular,young,Medium
2869,2870,41.0,96500.0,1530.4388466460284,Male,South,27.0,Clothing,23.852743931746037,2022-02-26,2023-11-14,626 days,Regular,mid,High
2870,2871,79.0,74100.0,1535.2356377515748,Male,North,9.0,Home & Garden,46.20217839602411,2021-11-03,2023-01-14,437 days,Regular,Very Old,High
2871,2872,71.0,110100.0,725.397668610059,Female,North,33.0,Clothing,18.820937645434544,2021-10-01,2022-02-27,149 days,Very New,Very Old,Low
2872,2873,24.0,111700.0,562.6847273691715,Male,West,33.0,Home & Garden,58.499397852450905,2021-09-18,2023-05-03,592 days,Regular,young,Low
2873,2874,42.0,91200.0,1606.304853006814,Male,South,26.0,Clothing,48.4541731022269,2021-08-27,2023-04-11,592 days,Regular,mid,High
2874,2875,38.0,38200.0,766.8140077328021,Male,South,28.0,Health,51.91981785123731,2021-11-28,2023-08-31,641 days,Loyal,mid,Low
2875,2876,32.0,72500.0,1808.605292914956,Female,South,44.0,Clothing,13.446755282055523,2021-04-25,2022-09-21,514 days,Regular,young,High
2876,2877,18.0,102900.0,157.98757952563687,Female,West,43.0,Clothing,51.72518254386434,2021-09-25,2022-07-24,302 days,New,young,
2877,2878,29.0,113200.0,135.2706739091725,Female,North,31.0,Health,4.947819105413931,2021-01-12,2021-05-02,110 days,Very New,young,
2878,2879,75.0,96600.0,1855.4682370007883,Male,North,1.0,Electronics,88.15352980116816,2021-03-14,2021-06-08,86 days,Very New,Very Old,High
2880,2881,32.0,76900.0,771.606725767698,Female,West,12.0,Toys,85.63373248357074,2021-06-27,2023-01-21,573 days,Regular,young,Low
2881,2882,38.0,94700.0,1515.0196213360418,Male,West,17.0,Health,70.16563687448438,2021-09-16,2023-11-28,803 days,Loyal,mid,High
2882,2883,36.0,72600.0,1351.2070837874096,Male,West,15.0,Electronics,76.6172589297181,2022-02-04,2022-08-14,191 days,Very New,mid,Medium
2883,2884,77.0,86500.0,1071.7780727028005,Female,South,34.0,Clothing,31.454449453892277,2021-09-27,2021-12-12,76 days,Very New,Very Old,Medium
2885,2886,42.0,59600.0,1628.115582839648,Male,South,4.0,Health,40.67405538411148,2022-11-12,2023-11-06,359 days,New,mid,High
2886,2887,50.0,69700.0,1734.725917547637,Female,South,8.0,Clothing,2.4225862412799337,2022-05-01,2023-04-15,349 days,New,old,High
2887,2888,66.0,54600.0,360.8940033342452,Male,South,34.0,Electronics,91.87556768683494,2022-08-03,2023-02-20,201 days,Very New,Very Old,
2888,2889,49.0,116500.0,1704.013070914592,Male,East,46.0,Toys,38.70142659661246,2021-02-28,2021-04-28,59 days,Very New,old,High
2889,2890,66.0,53900.0,1758.1376758127972,Female,South,25.0,Home & Garden,98.8556604843565,2022-10-04,2022-12-05,62 days,Very New,Very Old,High
2890,2891,52.0,64400.0,1107.8686523312615,Female,West,15.0,Home & Garden,76.14494208074129,2021-09-23,2021-11-13,51 days,Very New,old,Medium
2891,2892,61.0,115500.0,1319.2344917209202,Female,East,28.0,Health,8.051500979931047,2021-03-16,2021-10-15,213 days,Very New,old,Medium
2892,2893,55.0,50700.0,776.829893628693,Female,North,9.0,Clothing,66.0188277842576,2021-03-31,2023-06-27,818 days,Loyal,old,Low
2894,2895,28.0,67800.0,1449.5266309642566,Female,West,17.0,Home & Garden,24.37186455813801,2021-12-23,2022-03-19,86 days,Very New,young,Medium
2895,2896,52.0,70800.0,1726.5127950513,Female,West,10.0,Electronics,25.656266990321285,2021-06-03,2023-06-20,747 days,Loyal,old,High
2896,2897,25.0,99500.0,1315.07355485238,Female,West,9.0,Clothing,91.6075048692817,2021-08-06,2021-10-28,83 days,Very New,young,Medium
2897,2898,63.0,113100.0,1032.9494090801677,Male,West,31.0,Toys,49.99801760713749,2022-05-01,2023-06-17,412 days,New,old,Medium
2899,2900,27.0,102100.0,125.84825095753996,Female,West,24.0,Clothing,28.09478257997007,2021-05-10,2021-09-07,120 days,Very New,young,
2900,2901,19.0,115500.0,902.469744688558,Male,South,19.0,Clothing,52.29544551851182,2021-03-07,2022-11-17,620 days,Regular,young,Low
2902,2903,26.0,98400.0,1147.2825711763055,Male,West,43.0,Health,32.11390403964008,2022-01-15,2023-09-25,618 days,Regular,young,Medium
2903,2904,20.0,67600.0,777.8037988091871,Male,South,49.0,Home & Garden,24.696884797021223,2021-11-09,2022-02-10,93 days,Very New,young,Low
2904,2905,38.0,63400.0,1519.2344569702996,Male,West,10.0,Health,40.90068984934005,2022-02-11,2023-03-12,394 days,New,mid,High
2906,2907,25.0,87400.0,1194.1057479155156,Male,East,38.0,Health,22.2043776067109,2021-10-04,2022-01-02,90 days,Very New,young,Medium
2908,2909,19.0,55500.0,29.330602534037496,Male,North,28.0,Clothing,12.461167646366668,2022-02-13,2023-04-30,441 days,Regular,young,
2909,2910,23.0,54500.0,163.33100856333448,Male,East,1.0,Health,48.02072077214363,2021-11-10,2022-03-09,119 days,Very New,young,
2911,2912,70.0,94800.0,1766.825460421115,Male,West,15.0,Toys,2.266532106900998,2021-09-06,2023-01-29,510 days,Regular,Very Old,High
2913,2914,43.0,67000.0,1427.5707743118724,Male,North,21.0,Toys,81.0384793950634,2022-02-03,2023-09-04,578 days,Regular,mid,Medium
2915,2916,29.0,89400.0,1585.3237543284872,Female,East,15.0,Electronics,86.51908131499447,2022-03-27,2023-05-14,413 days,New,young,High
2918,2919,65.0,83700.0,204.3521698866124,Male,East,15.0,Health,84.73423257683692,2022-07-13,2023-03-16,246 days,New,Very Old,
2920,2921,32.0,39700.0,1777.3329772982993,Female,West,9.0,Toys,55.27518332351261,2022-03-22,2023-04-10,384 days,New,young,High
2921,2922,61.0,109100.0,1289.706104328602,Male,West,44.0,Toys,77.63106529786457,2022-12-08,2023-02-28,82 days,Very New,old,Medium
2922,2923,53.0,98900.0,839.0162381608437,Male,South,39.0,Toys,8.479801624634664,2021-04-13,2022-09-10,515 days,Regular,old,Low
2923,2924,32.0,74200.0,599.7694761395942,Male,East,5.0,Toys,85.86454671624838,2021-11-24,2022-07-03,221 days,New,young,Low
2927,2928,23.0,35600.0,1938.5563669229532,Female,South,8.0,Toys,32.67828459692185,2021-02-27,2022-10-17,597 days,Regular,young,High
2928,2929,63.0,50000.0,1867.4937530709676,Male,South,22.0,Toys,7.394868986970127,2021-04-15,2021-04-24,9 days,Very New,old,High
2930,2931,61.0,116400.0,855.2230743348538,Female,North,48.0,Toys,17.451040239086957,2021-03-10,2021-09-01,175 days,Very New,old,Low
2931,2932,76.0,72300.0,1388.7775032837533,Female,South,12.0,Clothing,63.00499020370152,2021-10-29,2022-02-27,121 days,Very New,Very Old,Medium
2933,2934,62.0,78300.0,1703.8503856042776,Female,South,10.0,Electronics,28.11515034146459,2022-06-21,2023-11-13,510 days,Regular,old,High
2934,2935,38.0,48900.0,840.3674877600112,Male,South,48.0,Home & Garden,98.56609574568044,2021-02-04,2021-09-28,236 days,New,mid,Low
2935,2936,40.0,80100.0,242.5243776580762,Male,South,10.0,Electronics,6.416621811108492,2021-01-15,2022-03-30,439 days,Regular,mid,
2936,2937,60.0,42800.0,169.74812039240794,Female,North,9.0,Clothing,60.78720109915183,2021-04-16,2022-08-17,488 days,Regular,old,
2937,2938,72.0,95500.0,1162.5868095468911,Female,West,26.0,Home & Garden,47.95439274571891,2022-12-31,2023-10-07,280 days,New,Very Old,Medium
2938,2939,33.0,89500.0,1292.4033117176446,Male,West,35.0,Health,24.548410714727463,2021-03-15,2023-05-06,782 days,Loyal,young,Medium
2940,2941,70.0,48100.0,599.1797402752414,Male,East,31.0,Electronics,73.70843581589864,2022-07-04,2023-02-07,218 days,New,Very Old,Low
2941,2942,77.0,95400.0,351.59157128908413,Male,West,19.0,Home & Garden,91.63148744811863,2021-07-16,2022-05-16,304 days,New,Very Old,
2943,2944,42.0,33300.0,720.0787447919046,Female,South,38.0,Health,19.398021210600547,2022-11-17,2023-02-06,81 days,Very New,mid,Low
2944,2945,53.0,110100.0,282.2885289553524,Female,South,6.0,Electronics,98.62697472955654,2022-07-10,2023-03-23,256 days,New,old,
2945,2946,28.0,45100.0,1351.1196519760413,Male,North,15.0,Home & Garden,1.5022674237874625,2022-10-28,2023-02-09,104 days,Very New,young,Medium
2948,2949,21.0,90500.0,718.3284179360747,Female,West,45.0,Electronics,26.316152514577382,2021-05-22,2021-11-21,183 days,Very New,young,Low
2949,2950,38.0,45900.0,664.8903789238506,Female,South,5.0,Health,66.30288804436609,2021-11-08,2023-07-29,628 days,Regular,mid,Low
2951,2952,39.0,33700.0,1757.266543882391,Female,East,2.0,Toys,45.021393095657714,2021-02-01,2021-08-19,199 days,Very New,mid,High
2952,2953,36.0,112300.0,99.75698733328107,Male,West,23.0,Health,74.94195054011905,2021-01-26,2022-08-05,556 days,Regular,mid,
2953,2954,51.0,43400.0,1613.568978247015,Female,South,44.0,Electronics,64.60702592714583,2021-09-12,2023-01-03,478 days,Regular,old,High
2954,2955,31.0,78200.0,750.5954730623579,Female,North,46.0,Health,47.29418635417149,2021-02-25,2022-11-02,615 days,Regular,young,Low
2955,2956,78.0,113400.0,1712.1456710611858,Female,West,19.0,Electronics,4.981229980320467,2021-10-20,2022-02-07,110 days,Very New,Very Old,High
2956,2957,21.0,43700.0,1608.3619574949955,Male,East,24.0,Home & Garden,74.17498049572752,2022-09-29,2023-11-22,419 days,New,young,High
2958,2959,70.0,111200.0,1393.8755399367997,Male,North,47.0,Electronics,22.44946884024209,2021-02-22,2022-12-28,674 days,Loyal,Very Old,Medium
2959,2960,69.0,54700.0,336.07285841141146,Male,East,27.0,Toys,94.82686497881704,2021-04-11,2022-01-20,284 days,New,Very Old,
2960,2961,63.0,61900.0,-999.0,Male,North,24.0,Toys,77.35027695471621,2022-04-12,2022-04-21,9 days,Very New,old,
2961,2962,44.0,30300.0,820.8923076147806,Male,West,17.0,Clothing,96.22686816769364,2021-09-24,2022-07-14,293 days,New,mid,Low
2962,2963,46.0,77700.0,922.1387184032964,Female,East,25.0,Electronics,25.62169321655901,2021-01-02,2022-01-24,387 days,New,mid,Low
2963,2964,64.0,29300.0,1417.40292105323,Male,North,46.0,Clothing,83.57933275778873,2021-01-22,2023-03-01,768 days,Loyal,Very Old,Medium
2964,2965,45.0,31500.0,1645.263668675605,Female,West,31.0,Home & Garden,60.77214042619692,2022-08-01,2023-01-23,175 days,Very New,mid,High
2965,2966,52.0,100100.0,487.958631789855,Male,North,28.0,Clothing,98.15036893032196,2021-07-31,2022-12-05,492 days,Regular,old,
2967,2968,33.0,21100.0,796.156126900514,Female,West,22.0,Toys,97.29680449427023,2022-06-13,2022-07-21,38 days,Very New,young,Low
2968,2969,59.0,95400.0,750.0317895278434,Male,East,5.0,Home & Garden,95.1767618339942,2022-01-23,2023-04-01,433 days,Regular,old,Low
2969,2970,53.0,97000.0,1386.2511314024964,Female,East,44.0,Electronics,0.7660866890438989,2021-01-14,2023-11-11,1031 days,Very Old,old,Medium
2970,2971,47.0,98200.0,786.62288282875,Male,South,42.0,Electronics,74.10854101506894,2022-06-03,2023-11-09,524 days,Regular,mid,Low
2971,2972,35.0,76600.0,705.2948303255271,Male,North,8.0,Electronics,27.19345612096418,2021-08-10,2023-05-12,640 days,Regular,mid,Low
2973,2974,66.0,64800.0,220.52672518539265,Male,East,28.0,Health,98.06112012539089,2022-02-07,2023-04-07,424 days,New,Very Old,
2975,2976,21.0,71300.0,512.4762797054368,Male,West,12.0,Electronics,56.69878324393505,2021-10-14,2023-12-19,796 days,Loyal,young,Low
2977,2978,42.0,20400.0,350.1932523679302,Female,East,38.0,Clothing,25.33587822148069,2021-09-04,2023-10-15,771 days,Loyal,mid,
2978,2979,47.0,76900.0,1221.1898289562182,Female,West,44.0,Health,22.51219370671425,2021-04-01,2023-01-21,660 days,Loyal,mid,Medium
2980,2981,24.0,115200.0,61.69441144151369,Female,North,44.0,Home & Garden,9.39198571680756,2022-03-13,2022-08-30,170 days,Very New,young,
2981,2982,48.0,56000.0,92.1223777374059,Male,North,41.0,Home & Garden,65.67499108483615,2022-12-27,2023-08-19,235 days,New,mid,
2982,2983,61.0,119600.0,1807.0333873890472,Female,North,34.0,Health,50.52106190319508,2021-02-12,2021-04-15,62 days,Very New,old,High
2983,2984,27.0,58200.0,165.14551986516528,Male,South,45.0,Home & Garden,3.007222748194593,2021-03-15,2022-08-30,533 days,Regular,young,
2984,2985,56.0,47400.0,1790.480674060811,Male,East,13.0,Home & Garden,96.96617587527658,2022-07-15,2023-09-17,429 days,Regular,old,High
2985,2986,30.0,91800.0,471.7685092267935,Male,West,8.0,Electronics,65.60458694888051,2021-11-12,2022-04-29,168 days,Very New,young,
2988,2989,73.0,46000.0,1720.329010706184,Female,West,6.0,Electronics,65.80988848075032,2021-07-28,2022-12-08,498 days,Regular,Very Old,High
2989,2990,66.0,75100.0,1406.900633540229,Male,West,38.0,Home & Garden,36.41678628827128,2021-04-09,2022-05-24,410 days,New,Very Old,Medium
2991,2992,78.0,116000.0,171.0788592646775,Male,North,21.0,Toys,68.25719203067642,2021-04-24,2023-01-22,638 days,Regular,Very Old,
2992,2993,59.0,99900.0,1470.746364064198,Male,West,44.0,Clothing,9.274379512412931,2021-06-24,2021-08-23,60 days,Very New,old,Medium
2993,2994,73.0,90500.0,1241.4318168110594,Female,East,44.0,Home & Garden,90.92607083109915,2021-09-28,2022-08-29,335 days,New,Very Old,Medium
2994,2995,53.0,25000.0,25.765201310901706,Male,South,49.0,Home & Garden,48.69742516016813,2021-03-04,2022-07-08,491 days,Regular,old,
2995,2996,37.0,22000.0,38.651314825441744,Male,West,7.0,Clothing,39.29449389665539,2022-02-08,2022-03-29,49 days,Very New,mid,
2996,2997,21.0,32500.0,1621.410086921534,Male,West,26.0,Home & Garden,95.54621436287786,2021-08-13,2022-08-09,361 days,New,young,High
2997,2998,71.0,52600.0,533.6114828276707,Male,East,15.0,Electronics,43.82092811112116,2021-06-10,2023-09-11,823 days,Loyal,Very Old,Low
2998,2999,24.0,96400.0,1279.54466210157,Male,West,49.0,Health,72.12209169030645,2021-02-05,2022-02-27,387 days,New,young,Medium
3001,3002,61.0,24600.0,1835.5830039429277,Female,North,38.0,Clothing,99.1142773743137,2021-11-14,2022-07-08,236 days,New,old,High
3003,3004,62.0,68100.0,324.2945888983487,Male,South,15.0,Clothing,39.47825724173085,2022-10-25,2023-04-26,183 days,Very New,old,
3004,3005,59.0,40400.0,1728.6688120214412,Male,South,48.0,Clothing,91.96134927532302,2022-04-01,2022-07-05,95 days,Very New,old,High
3006,3007,76.0,81600.0,1189.8154322931052,Male,South,16.0,Electronics,70.50769619293123,2021-12-10,2022-05-12,153 days,Very New,Very Old,Medium
3007,3008,30.0,64000.0,1021.4302110610377,Male,South,32.0,Home & Garden,84.62460472620108,2021-02-09,2023-11-06,1000 days,Very Old,young,Medium
3008,3009,72.0,102200.0,55.61650051332756,Female,West,37.0,Home & Garden,23.549439572451835,2022-02-18,2023-11-23,643 days,Loyal,Very Old,
3009,3010,39.0,23400.0,1866.887134214068,Male,North,18.0,Home & Garden,16.94665851945295,2022-01-15,2023-01-15,365 days,New,mid,High
3010,3011,71.0,108600.0,175.08756919545252,Female,West,20.0,Home & Garden,6.8506805591005975,2021-08-10,2022-05-04,267 days,New,Very Old,
3011,3012,38.0,96600.0,1382.673460427317,Male,North,46.0,Health,89.71332992460653,2021-10-08,2023-01-06,455 days,Regular,mid,Medium
3012,3013,39.0,117100.0,1574.313535692359,Female,North,2.0,Toys,20.036709474314872,2021-08-13,2022-04-03,233 days,New,mid,High
3013,3014,45.0,25700.0,1594.6699411144148,Male,South,23.0,Electronics,30.77540440643939,2022-04-02,2023-12-11,618 days,Regular,mid,High
3014,3015,26.0,86900.0,288.2791474791127,Female,South,30.0,Health,28.58069260789511,2021-06-03,2022-04-09,310 days,New,young,
3016,3017,26.0,75900.0,1662.26916345928,Male,North,46.0,Toys,66.80611268287184,2021-12-19,2022-06-23,186 days,Very New,young,High
3017,3018,32.0,51400.0,619.3048365499343,Male,South,39.0,Toys,95.41135587405384,2021-02-08,2022-07-22,529 days,Regular,young,Low
3019,3020,41.0,70300.0,560.1319075456946,Male,North,49.0,Electronics,40.764715465869685,2022-09-13,2022-09-17,4 days,Very New,mid,Low
3021,3022,74.0,118300.0,1777.9190867339023,Male,North,41.0,Toys,43.23379441876859,2022-05-04,2023-10-19,533 days,Regular,Very Old,High
3022,3023,78.0,64100.0,921.1459774448836,Female,South,22.0,Clothing,92.60427679260476,2021-07-17,2022-09-13,423 days,New,Very Old,Low
3024,3025,25.0,28100.0,819.8730409401054,Female,North,14.0,Home & Garden,34.77348557636154,2021-06-21,2022-11-18,515 days,Regular,young,Low
3025,3026,41.0,89800.0,931.0320227425846,Female,North,48.0,Clothing,97.15724837342697,2022-05-23,2022-09-16,116 days,Very New,mid,Low
3026,3027,33.0,107300.0,50.04491411191496,Male,North,28.0,Home & Garden,42.57818760641799,2022-02-09,2022-09-04,207 days,Very New,young,
3027,3028,66.0,39800.0,581.8161097217029,Female,West,21.0,Electronics,23.11748711880426,2021-09-28,2023-08-17,688 days,Loyal,Very Old,Low
3028,3029,43.0,30800.0,884.4318090488123,Male,West,45.0,Electronics,17.770081478953294,2022-07-08,2022-10-09,93 days,Very New,mid,Low
3029,3030,44.0,69500.0,1274.9180124656032,Male,North,32.0,Home & Garden,99.51813258283256,2022-12-02,2023-02-02,62 days,Very New,mid,Medium
3031,3032,21.0,81900.0,688.8777457766968,Female,East,1.0,Toys,40.86597974551808,2021-05-11,2023-01-04,603 days,Regular,young,Low
3034,3035,36.0,52300.0,1850.4986798926248,Female,North,3.0,Toys,31.73895736332725,2022-02-01,2023-03-05,397 days,New,mid,High
3035,3036,53.0,35700.0,1053.0515870660108,Male,North,49.0,Clothing,74.33858087359594,2022-07-20,2023-04-26,280 days,New,old,Medium
3037,3038,56.0,26400.0,58.50359167070229,Male,North,31.0,Clothing,50.0169229184135,2022-01-18,2022-01-24,6 days,Very New,old,
3039,3040,42.0,38800.0,458.4727649190252,Female,South,19.0,Clothing,7.702248657366761,2022-01-30,2022-08-26,208 days,Very New,mid,
3043,3044,27.0,87800.0,1751.3456672600232,Female,North,25.0,Health,83.9068575417683,2021-10-08,2022-05-13,217 days,New,young,High
3046,3047,67.0,24800.0,530.4655305662084,Male,North,23.0,Health,15.039827261328032,2021-07-11,2023-07-25,744 days,Loyal,Very Old,Low
3047,3048,22.0,40400.0,825.5088418489606,Female,North,2.0,Clothing,38.77415283268735,2022-09-29,2023-02-07,131 days,Very New,young,Low
3048,3049,64.0,44000.0,930.9269511601724,Female,East,15.0,Toys,46.41107938908192,2022-03-04,2022-08-09,158 days,Very New,Very Old,Low
3049,3050,66.0,48900.0,609.4039419534967,Male,West,44.0,Health,29.76637947582136,2021-12-14,2022-11-04,325 days,New,Very Old,Low
3050,3051,52.0,49600.0,85.23677912614936,Female,East,35.0,Home & Garden,72.53664481494441,2022-03-05,2022-05-26,82 days,Very New,old,
3051,3052,61.0,91100.0,1188.4522637345533,Female,South,10.0,Health,91.24388126891402,2022-01-27,2022-12-14,321 days,New,old,Medium
3052,3053,51.0,86200.0,1057.8262420356168,Female,West,14.0,Electronics,41.24821992692763,2021-12-07,2023-03-31,479 days,Regular,old,Medium
3054,3055,72.0,33800.0,95.19241578782092,Female,East,14.0,Home & Garden,51.67689071440567,2022-02-06,2022-06-29,143 days,Very New,Very Old,
3055,3056,38.0,26600.0,1989.2964906994412,Male,East,35.0,Clothing,52.25156268160512,2021-02-16,2021-03-14,26 days,Very New,mid,High
3056,3057,34.0,54900.0,974.3326499162836,Female,North,33.0,Electronics,60.02195406777565,2022-10-27,2023-09-01,309 days,New,mid,Low
3057,3058,39.0,113700.0,1516.8883987126726,Female,West,1.0,Electronics,26.83310651193253,2022-03-01,2022-05-19,79 days,Very New,mid,High
3058,3059,65.0,66000.0,915.5817894016444,Male,West,34.0,Toys,38.3360519135037,2022-06-01,2023-03-16,288 days,New,Very Old,Low
3059,3060,54.0,71500.0,105.47717590862403,Female,North,19.0,Home & Garden,55.32374528854946,2022-09-29,2022-12-11,73 days,Very New,old,
3061,3062,52.0,61000.0,653.8180791916843,Female,South,42.0,Home & Garden,64.26925784552185,2021-03-28,2022-01-23,301 days,New,old,Low
3062,3063,45.0,85800.0,1679.9387500170517,Male,South,4.0,Home & Garden,33.31165578887095,2022-05-30,2023-04-08,313 days,New,mid,High
3063,3064,24.0,39400.0,1315.3753564397512,Female,East,36.0,Electronics,1.0468573316502638,2021-06-14,2021-08-28,75 days,Very New,young,Medium
3064,3065,49.0,74200.0,565.3512092061562,Female,South,13.0,Home & Garden,98.16656499299056,2021-08-11,2023-09-03,753 days,Loyal,old,Low
3066,3067,27.0,43600.0,656.6528281477853,Female,North,9.0,Electronics,93.8495158330771,2022-03-27,2022-04-24,28 days,Very New,young,Low
3067,3068,26.0,51600.0,1996.5033711408664,Female,East,39.0,Toys,54.93452338350529,2021-12-09,2023-11-04,695 days,Loyal,young,High
3068,3069,31.0,94800.0,1992.404112477121,Male,North,16.0,Toys,60.54648602222888,2021-12-07,2022-12-18,376 days,New,young,High
3070,3071,78.0,80300.0,639.2274100530324,Female,East,20.0,Home & Garden,32.09757336644056,2022-01-27,2023-10-03,614 days,Regular,Very Old,Low
3073,3074,42.0,115100.0,1065.5339490275226,Female,South,48.0,Electronics,67.24799495825067,2022-02-25,2023-09-02,554 days,Regular,mid,Medium
3077,3078,38.0,45200.0,228.0931494230039,Female,West,42.0,Health,5.211132860983659,2022-10-10,2023-08-20,314 days,New,mid,
3078,3079,35.0,98500.0,1383.0345556045263,Female,East,48.0,Health,10.211508894903687,2021-01-04,2022-11-12,677 days,Loyal,mid,Medium
3079,3080,20.0,33100.0,333.7358315579107,Female,North,8.0,Toys,67.4594235735587,2022-11-12,2023-11-26,379 days,New,young,
3081,3082,71.0,66000.0,635.8526011754672,Male,South,15.0,Clothing,59.53577798139739,2021-03-19,2022-06-30,468 days,Regular,Very Old,Low
3084,3085,58.0,63000.0,1408.0023088481803,Female,North,4.0,Electronics,12.96365021474264,2021-12-21,2023-01-12,387 days,New,old,Medium
3085,3086,66.0,76600.0,244.27411106807784,Female,North,30.0,Home & Garden,24.86674861728393,2021-02-02,2022-08-15,559 days,Regular,Very Old,
3086,3087,28.0,30400.0,1550.303543377766,Female,West,13.0,Clothing,82.1291784819328,2022-10-24,2023-01-20,88 days,Very New,young,High
3088,3089,41.0,27400.0,1572.8740336100468,Male,West,21.0,Health,94.97597947128548,2021-05-19,2023-04-18,699 days,Loyal,mid,High
3089,3090,77.0,53800.0,1176.1745476115275,Male,East,41.0,Clothing,4.874485535375528,2021-09-29,2022-03-18,170 days,Very New,Very Old,Medium
3090,3091,63.0,23800.0,183.2178785976017,Male,North,46.0,Clothing,79.24119971840686,2021-07-15,2023-12-19,887 days,Very Old,old,
3092,3093,21.0,24300.0,158.2029800916045,Female,South,39.0,Electronics,26.089230519753603,2021-12-15,2021-12-31,16 days,Very New,young,
3093,3094,43.0,90300.0,967.8294067272778,Female,North,48.0,Home & Garden,72.91667028105844,2021-02-13,2022-01-02,323 days,New,mid,Low
3095,3096,59.0,75200.0,1509.6236523962125,Female,South,20.0,Electronics,45.93452030587438,2021-09-01,2022-08-29,362 days,New,old,High
3098,3099,62.0,118700.0,1063.7516427123774,Male,West,10.0,Home & Garden,33.55455960578722,2021-03-20,2021-09-22,186 days,Very New,old,Medium
3099,3100,63.0,41000.0,1532.6471287247234,Male,South,18.0,Electronics,46.64909603369162,2021-07-09,2023-11-28,872 days,Very Old,old,High
3100,3101,53.0,54100.0,30.05604969193988,Male,North,43.0,Clothing,89.51294814927913,2021-03-27,2022-01-17,296 days,New,old,
3102,3103,54.0,97000.0,410.9486578404408,Female,South,46.0,Toys,40.368817745666384,2021-09-28,2022-01-24,118 days,Very New,old,
3104,3105,53.0,50300.0,1477.782816961715,Male,North,18.0,Home & Garden,75.29994754336214,2021-01-20,2021-01-24,4 days,Very New,old,Medium
3106,3107,26.0,44000.0,1319.281901139741,Female,West,22.0,Health,1.9798730118157248,2021-05-10,2022-09-25,503 days,Regular,young,Medium
3108,3109,50.0,22900.0,1151.8228328551077,Female,East,18.0,Home & Garden,45.055404809892686,2021-01-07,2023-09-10,976 days,Very Old,old,Medium
3110,3111,23.0,38400.0,1255.4398286753883,Female,East,23.0,Home & Garden,56.16633369429792,2021-11-06,2022-05-02,177 days,Very New,young,Medium
3111,3112,58.0,59100.0,1259.6742419343525,Female,East,1.0,Electronics,73.17196171082654,2022-09-19,2022-09-25,6 days,Very New,old,Medium
3112,3113,56.0,24100.0,1784.5775788555827,Female,East,10.0,Health,83.1332983608313,2022-04-18,2022-12-22,248 days,New,old,High
3113,3114,21.0,54400.0,1021.1995877118344,Male,South,1.0,Toys,64.62609446322361,2021-04-12,2022-01-19,282 days,New,young,Medium
3115,3116,66.0,70100.0,626.2679225545209,Male,West,39.0,Electronics,37.376925481270185,2021-11-15,2021-12-12,27 days,Very New,Very Old,Low
3117,3118,19.0,26100.0,493.73254824789854,Male,West,9.0,Electronics,95.8577681644864,2021-01-25,2022-11-07,651 days,Loyal,young,
3119,3120,22.0,115700.0,1644.52865239449,Female,South,7.0,Clothing,56.62122444973933,2022-03-06,2023-12-10,644 days,Loyal,young,High
3120,3121,61.0,83000.0,1176.953068890164,Male,East,17.0,Toys,75.10731394364171,2021-05-23,2023-07-14,782 days,Loyal,old,Medium
3121,3122,44.0,89500.0,1026.8843149116735,Male,South,35.0,Toys,6.841048497982916,2022-12-10,2023-05-26,167 days,Very New,mid,Medium
3122,3123,49.0,114900.0,650.5348942754925,Male,West,48.0,Electronics,85.50110090037315,2022-10-19,2023-09-11,327 days,New,old,Low
3123,3124,38.0,61600.0,1467.237511147406,Male,North,37.0,Home & Garden,79.70257433424074,2021-05-29,2023-08-31,824 days,Loyal,mid,Medium
3125,3126,55.0,108100.0,1479.385764935467,Female,South,33.0,Health,2.1982706734408386,2021-02-24,2021-05-18,83 days,Very New,old,Medium
3127,3128,67.0,85100.0,1731.7918563325256,Female,East,23.0,Health,5.426837073243684,2021-12-29,2023-07-23,571 days,Regular,Very Old,High
3129,3130,71.0,59500.0,888.2458730639606,Male,South,10000.0,Toys,71.84483262555224,2021-07-28,2022-07-24,361 days,New,Very Old,Low
3131,3132,78.0,74800.0,1255.9003043346154,Female,South,8.0,Electronics,69.48831054772886,2021-03-06,2023-05-02,787 days,Loyal,Very Old,Medium
3133,3134,20.0,111800.0,1517.3425078361022,Male,East,5.0,Electronics,81.155293067782,2021-04-22,2022-08-24,489 days,Regular,young,High
3134,3135,39.0,95900.0,566.3380299411245,Male,West,12.0,Home & Garden,53.35889393803011,2021-09-20,2023-05-06,593 days,Regular,mid,Low
3138,3139,61.0,68700.0,1619.3238005374146,Male,North,18.0,Clothing,45.28715845851323,2021-01-01,2021-08-11,222 days,New,old,High
3139,3140,19.0,92400.0,725.6531886138102,Male,West,38.0,Toys,40.575389717642096,2021-05-28,2022-02-06,254 days,New,young,Low
3142,3143,52.0,25500.0,1312.1519901265713,Male,South,26.0,Home & Garden,84.96270549444247,2021-05-09,2021-07-03,55 days,Very New,old,Medium
3143,3144,51.0,95000.0,923.0770627919316,Female,South,40.0,Toys,76.09876565326091,2022-09-30,2023-07-04,277 days,New,old,Low
3144,3145,40.0,63700.0,807.5912360314585,Male,West,3.0,Toys,22.09132027965997,2022-05-28,2022-08-04,68 days,Very New,mid,Low
3146,3147,69.0,82700.0,1963.266238949676,Male,East,26.0,Health,19.65796760817489,2022-05-17,2022-06-02,16 days,Very New,Very Old,High
3147,3148,25.0,67200.0,286.79958495919664,Female,West,19.0,Toys,95.42168168347068,2021-05-29,2023-02-07,619 days,Regular,young,
3148,3149,39.0,59700.0,643.3140166627253,Male,West,44.0,Health,59.81178785355357,2021-09-26,2021-10-22,26 days,Very New,mid,Low
3149,3150,61.0,105700.0,981.2853277596738,Male,South,44.0,Toys,75.43547925485487,2022-12-02,2023-10-12,314 days,New,old,Low
3151,3152,53.0,28900.0,250000.0,Male,West,39.0,Toys,87.36893633900836,2021-04-15,2023-04-06,721 days,Loyal,old,VIP
3153,3154,30.0,86200.0,306.96640367681107,Male,South,21.0,Health,3.244617377572445,2021-10-08,2023-01-16,465 days,Regular,young,
3154,3155,46.0,106500.0,524.4398209306678,Female,North,41.0,Health,97.53011798999523,2022-02-11,2022-12-20,312 days,New,mid,Low
3155,3156,48.0,81700.0,1830.7617845280708,Female,West,48.0,Home & Garden,87.05424631058796,2022-09-05,2022-11-11,67 days,Very New,mid,High
3156,3157,64.0,92100.0,243.8448763123301,Male,North,26.0,Home & Garden,38.29474086980963,2021-12-24,2023-05-04,496 days,Regular,Very Old,
3158,3159,72.0,69300.0,1519.9458184040752,Female,North,36.0,Health,73.65579823309496,2021-07-22,2023-12-16,877 days,Very Old,Very Old,High
3159,3160,33.0,85400.0,1623.345399716579,Female,North,24.0,Health,79.31143766896918,2022-09-04,2023-03-18,195 days,Very New,young,High
3161,3162,79.0,69500.0,540.8116315270819,Female,North,26.0,Home & Garden,64.85637019356653,2021-09-14,2023-07-19,673 days,Loyal,Very Old,Low
3162,3163,47.0,95600.0,464.6277491524148,Male,East,21.0,Toys,2.592589429929082,2021-04-04,2021-05-29,55 days,Very New,mid,
3163,3164,74.0,22500.0,941.7012197244098,Female,South,18.0,Health,84.82291325528489,2021-11-20,2023-02-07,444 days,Regular,Very Old,Low
3165,3166,33.0,119400.0,1473.933778186553,Female,North,15.0,Toys,66.21234406352879,2022-10-24,2023-09-01,312 days,New,young,Medium
3166,3167,29.0,29300.0,1279.1603619480386,Female,East,6.0,Health,51.26696531760021,2021-12-17,2023-07-11,571 days,Regular,young,Medium
3168,3169,33.0,33300.0,183.82184090440168,Male,North,31.0,Home & Garden,32.6361288224617,2022-10-03,2022-12-31,89 days,Very New,young,
3169,3170,29.0,86000.0,1831.865000048988,Male,North,28.0,Home & Garden,62.6387795812538,2021-07-06,2023-09-09,795 days,Loyal,young,High
3171,3172,37.0,42600.0,991.5748049354283,Female,South,29.0,Clothing,14.268078148118756,2022-06-26,2022-12-30,187 days,Very New,mid,Low
3172,3173,20.0,44400.0,888.4506431604945,Male,West,21.0,Electronics,14.006800549659236,2021-10-31,2023-01-16,442 days,Regular,young,Low
3175,3176,62.0,31800.0,1888.2352283858304,Male,East,24.0,Clothing,88.92014984609,2021-08-01,2022-04-20,262 days,New,old,High
3176,3177,40.0,90100.0,1807.0170876243797,Female,East,36.0,Health,31.193888215683764,2022-02-10,2023-02-14,369 days,New,mid,High
3177,3178,45.0,88200.0,1746.879080899623,Female,South,31.0,Electronics,4.243073724864455,2021-05-14,2023-03-11,666 days,Loyal,mid,High
3178,3179,68.0,50200.0,161.09149864349124,Female,South,47.0,Clothing,64.98760292315197,2021-08-07,2023-08-02,725 days,Loyal,Very Old,
3179,3180,57.0,49500.0,1711.4309618768002,Female,North,34.0,Clothing,68.42392266025806,2022-02-25,2023-10-20,602 days,Regular,old,High
3180,3181,71.0,108300.0,1567.6381819775568,Female,East,2.0,Electronics,55.35916089787103,2021-11-15,2022-09-13,302 days,New,Very Old,High
3181,3182,22.0,95200.0,224.9556350721394,Female,West,42.0,Toys,68.3332645694598,2021-06-06,2023-05-10,703 days,Loyal,young,
3182,3183,37.0,25400.0,232.6803643637193,Male,West,3.0,Clothing,52.375434447439496,2021-07-07,2023-08-22,776 days,Loyal,mid,
3183,3184,57.0,24700.0,220.30434680473152,Male,South,30.0,Home & Garden,69.26328160990455,2022-04-21,2023-12-08,596 days,Regular,old,
3184,3185,73.0,78900.0,42.43853454488533,Male,West,8.0,Clothing,4.393740655519451,2021-06-11,2023-03-24,651 days,Loyal,Very Old,
3187,3188,74.0,49300.0,888.5957117415912,Female,South,19.0,Health,9.932613861162732,2021-03-30,2021-05-02,33 days,Very New,Very Old,Low
3188,3189,47.0,27600.0,1090.6998537369657,Female,North,26.0,Toys,23.40926361660719,2021-06-11,2021-08-06,56 days,Very New,mid,Medium
3189,3190,38.0,32400.0,1936.580197604512,Female,East,28.0,Home & Garden,19.131061803178817,2021-02-05,2023-12-13,1041 days,Very Old,mid,High
3190,3191,37.0,73900.0,525.2608129729767,Female,North,15.0,Electronics,97.31313883615972,2021-08-15,2023-03-06,568 days,Regular,mid,Low
3191,3192,23.0,44100.0,1719.7711001445607,Male,South,14.0,Clothing,28.65459177184627,2021-05-31,2021-06-25,25 days,Very New,young,High
3193,3194,35.0,37400.0,1147.5634990327612,Male,West,14.0,Clothing,83.48745062689929,2021-02-16,2022-05-06,444 days,Regular,mid,Medium
3194,3195,25.0,47100.0,699.4842372704214,Female,West,3.0,Toys,41.91162172688389,2022-12-17,2023-01-31,45 days,Very New,young,Low
3197,3198,50.0,112100.0,1533.9942737759422,Male,South,49.0,Toys,41.65345061206146,2022-06-23,2022-08-27,65 days,Very New,old,High
3198,3199,70.0,38400.0,583.6817678576579,Female,South,23.0,Toys,32.656545495884835,2022-12-02,2023-07-27,237 days,New,Very Old,Low
3199,3200,33.0,38100.0,1777.4644923980309,Male,South,28.0,Toys,28.633944255478983,2021-06-14,2023-12-02,901 days,Very Old,young,High
3203,3204,51.0,38300.0,345.86472653273563,Male,South,13.0,Home & Garden,57.17191004250424,2022-07-28,2023-01-29,185 days,Very New,old,
3204,3205,78.0,67000.0,1512.287420775121,Male,North,27.0,Toys,34.3658579662735,2021-03-07,2021-09-06,183 days,Very New,Very Old,High
3205,3206,31.0,82800.0,1936.8622280841107,Male,North,35.0,Home & Garden,42.15293648470272,2021-03-21,2021-06-29,100 days,Very New,young,High
3208,3209,40.0,70300.0,1207.773860344494,Male,East,41.0,Clothing,79.0553679556547,2021-05-10,2022-12-04,573 days,Regular,mid,Medium
3209,3210,67.0,58000.0,1396.9131285200542,Female,West,45.0,Toys,23.49282632907516,2022-03-22,2022-10-19,211 days,Very New,Very Old,Medium
3210,3211,62.0,57700.0,1654.407485076645,Female,North,40.0,Clothing,97.99712896090502,2021-01-29,2023-04-12,803 days,Loyal,old,High
3212,3213,58.0,68000.0,970.613499345527,Female,North,24.0,Health,16.9067061164613,2021-08-25,2022-09-18,389 days,New,old,Low
3213,3214,38.0,29400.0,1080.0343278240207,Male,East,29.0,Health,49.949670546804,2022-08-22,2023-02-24,186 days,Very New,mid,Medium
3214,3215,19.0,96200.0,354.8672280354725,Male,North,3.0,Toys,72.52857696349471,2022-08-31,2023-11-28,454 days,Regular,young,
3217,3218,26.0,67200.0,1669.7551821564468,Female,West,2.0,Electronics,85.80779234265962,2022-03-15,2023-05-24,435 days,Regular,young,High
3218,3219,18.0,89500.0,1860.2269808190097,Male,West,20.0,Toys,26.17814826920877,2021-10-16,2021-11-29,44 days,Very New,young,High
3221,3222,69.0,66800.0,522.9814152419922,Female,West,32.0,Toys,41.41351431395817,2021-04-10,2021-07-16,97 days,Very New,Very Old,Low
3223,3224,40.0,116200.0,1966.3795961911896,Male,South,1.0,Electronics,62.43937964398953,2022-02-26,2022-08-18,173 days,Very New,mid,High
3224,3225,43.0,82700.0,1851.4543575053688,Male,West,38.0,Health,36.09992530301545,2022-10-05,2023-07-02,270 days,New,mid,High
3225,3226,21.0,33700.0,1575.624916758082,Male,North,35.0,Health,83.09030034615783,2022-11-25,2023-01-05,41 days,Very New,young,High
3226,3227,35.0,111500.0,665.0434966163241,Female,West,7.0,Clothing,96.29054230495308,2022-12-07,2023-07-08,213 days,Very New,mid,Low
3227,3228,72.0,25400.0,1637.6609573253088,Male,North,45.0,Home & Garden,93.50876800409245,2021-01-18,2022-06-21,519 days,Regular,Very Old,High
3232,3233,32.0,65300.0,116.15419212541016,Female,East,29.0,Health,97.7455268334961,2022-02-23,2022-12-17,297 days,New,young,
3233,3234,39.0,79600.0,906.9483204187476,Male,North,3.0,Health,78.34223015721055,2022-01-15,2023-01-23,373 days,New,mid,Low
3234,3235,77.0,100100.0,902.3648256278806,Female,South,46.0,Health,58.05493218670399,2022-05-23,2023-10-14,509 days,Regular,Very Old,Low
3235,3236,54.0,23600.0,1793.375423066393,Female,East,24.0,Health,2.6352912229547387,2021-04-24,2021-04-25,1 days,Very New,old,High
3236,3237,69.0,95400.0,269.78313064987725,Male,South,1.0,Clothing,82.55406915073546,2022-05-26,2022-12-23,211 days,Very New,Very Old,
3238,3239,29.0,73000.0,311.9561489403044,Male,West,10.0,Toys,5.560651418679042,2022-09-06,2023-02-10,157 days,Very New,young,
3239,3240,64.0,75900.0,78.87779736331316,Male,South,13.0,Electronics,85.03588473542644,2022-04-14,2022-04-14,0 days,Very New,Very Old,
3240,3241,66.0,56400.0,162.0288408735186,Female,West,36.0,Home & Garden,56.62508678720069,2021-04-03,2022-03-02,333 days,New,Very Old,
3241,3242,59.0,78300.0,1326.5423363214973,Male,West,9.0,Toys,12.855159786044934,2022-05-07,2023-04-14,342 days,New,old,Medium
3242,3243,55.0,55200.0,874.5369716526683,Female,South,14.0,Clothing,38.65426631740812,2021-04-12,2023-12-20,982 days,Very Old,old,Low
3247,3248,41.0,95300.0,227.0344722135962,Female,North,35.0,Toys,35.7796028819692,2021-06-16,2022-12-02,534 days,Regular,mid,
3248,3249,59.0,47900.0,1764.3880879331216,Female,East,7.0,Clothing,49.463386301991775,2021-05-20,2021-09-09,112 days,Very New,old,High
3249,3250,47.0,78100.0,1064.441970225358,Male,West,42.0,Health,6.352339750597514,2021-04-04,2023-08-31,879 days,Very Old,mid,Medium
3250,3251,31.0,117200.0,1653.1775756035652,Male,South,35.0,Health,27.559261664396985,2021-06-30,2022-08-27,423 days,New,young,High
3252,3253,20.0,101800.0,1856.795592169048,Male,North,15.0,Clothing,73.626276777764,2021-01-04,2021-09-25,264 days,New,young,High
3253,3254,33.0,112900.0,1900.661826863004,Female,North,9.0,Electronics,24.282185501123365,2022-08-29,2023-10-03,400 days,New,young,High
3254,3255,24.0,36900.0,1118.5550770765462,Female,East,47.0,Toys,50.38200987207079,2022-01-24,2022-12-08,318 days,New,young,Medium
3255,3256,69.0,108700.0,695.2199410669471,Male,East,17.0,Electronics,81.7531105204505,2021-09-29,2022-06-24,268 days,New,Very Old,Low
3256,3257,31.0,57100.0,1924.4924512090367,Male,North,39.0,Clothing,37.99101608895553,2021-05-12,2022-12-07,574 days,Regular,young,High
3257,3258,26.0,60400.0,1103.864683882426,Female,West,18.0,Toys,13.377126735678925,2022-08-07,2023-10-08,427 days,New,young,Medium
3258,3259,32.0,75500.0,147.22039145012985,Female,East,15.0,Toys,43.18703896124693,2022-08-16,2022-09-11,26 days,Very New,young,
3260,3261,52.0,77800.0,1183.6158057821212,Female,South,24.0,Toys,0.7398528192379517,2022-11-17,2023-10-18,335 days,New,old,Medium
3261,3262,19.0,30600.0,1793.6698883315178,Female,West,23.0,Toys,34.85675066807289,2021-02-21,2023-02-21,730 days,Loyal,young,High
3263,3264,19.0,21700.0,711.1238004338717,Male,East,23.0,Toys,95.19119500446703,2022-03-22,2023-04-21,395 days,New,young,Low
3264,3265,52.0,118300.0,1933.1269368975245,Female,South,21.0,Home & Garden,40.85487324756647,2021-08-25,2023-09-10,746 days,Loyal,old,High
3266,3267,31.0,72300.0,1268.2268843950817,Male,East,8.0,Health,53.42190979668533,2021-10-07,2022-05-31,236 days,New,young,Medium
3267,3268,37.0,23200.0,599.9919027381833,Female,West,30.0,Toys,28.57523610996804,2021-02-13,2021-11-12,272 days,New,mid,Low
3268,3269,35.0,113100.0,759.6097867023052,Female,South,34.0,Electronics,21.4779399314784,2021-12-25,2023-10-29,673 days,Loyal,mid,Low
3272,3273,42.0,114000.0,1433.523848125264,Female,East,33.0,Toys,18.229253886909248,2022-11-21,2023-11-11,355 days,New,mid,Medium
3274,3275,71.0,91600.0,816.7392583325716,Male,East,6.0,Health,22.986863437336925,2021-04-11,2021-10-30,202 days,Very New,Very Old,Low
3275,3276,50.0,24600.0,319.8860923528207,Male,East,23.0,Health,29.070126069321923,2022-11-23,2023-09-06,287 days,New,old,
3277,3278,48.0,78600.0,1545.970102105263,Female,West,19.0,Electronics,91.10501507137712,2021-09-25,2023-09-27,732 days,Loyal,mid,High
3278,3279,31.0,88300.0,542.7454352223482,Male,North,43.0,Clothing,16.863076454516236,2021-12-28,2022-06-26,180 days,Very New,young,Low
3279,3280,18.0,92100.0,30.68911352368128,Male,South,45.0,Home & Garden,6.419185592348143,2022-02-12,2022-10-02,232 days,New,young,
3280,3281,63.0,98300.0,1343.639704278946,Female,North,8.0,Electronics,29.311810323694875,2021-02-06,2022-07-06,515 days,Regular,old,Medium
3286,3287,20.0,41500.0,480.4847870285206,Female,South,48.0,Clothing,1.4928967236017665,2021-11-05,2023-05-16,557 days,Regular,young,
3288,3289,58.0,63900.0,817.2889923429157,Female,East,15.0,Home & Garden,81.32842131676772,2021-09-30,2022-04-03,185 days,Very New,old,Low
3290,3291,42.0,62000.0,1630.5456492580656,Male,West,23.0,Electronics,15.1240250040368,2021-04-20,2023-11-04,928 days,Very Old,mid,High
3293,3294,51.0,69900.0,487.94644873212735,Male,North,24.0,Clothing,24.649558743576986,2021-09-17,2022-02-20,156 days,Very New,old,
3295,3296,38.0,63500.0,1160.7954730554131,Male,North,35.0,Health,38.485173715183976,2021-09-25,2023-12-22,818 days,Loyal,mid,Medium
3296,3297,51.0,113500.0,1116.282110408078,Female,South,4.0,Toys,21.089030490099127,2021-02-01,2022-05-08,461 days,Regular,old,Medium
3297,3298,21.0,60500.0,393.00231848304855,Male,West,44.0,Electronics,75.11917895573143,2021-06-26,2021-11-19,146 days,Very New,young,
3298,3299,42.0,103200.0,131.36845474404151,Female,South,37.0,Electronics,15.036389033582276,2021-04-14,2022-04-13,364 days,New,mid,
3299,3300,32.0,40500.0,179.80273930409223,Male,East,17.0,Clothing,79.89023148204372,2021-08-24,2023-12-21,849 days,Loyal,young,
3303,3304,29.0,47400.0,406.2083500279994,Male,West,27.0,Health,74.91885190354829,2021-02-04,2022-04-28,448 days,Regular,young,
3304,3305,49.0,51800.0,1921.9257019204013,Female,East,42.0,Health,5.151559325111532,2021-04-27,2022-09-15,506 days,Regular,old,High
3305,3306,49.0,74800.0,302.4556159168609,Female,North,6.0,Home & Garden,95.00987190378208,2022-11-19,2023-08-06,260 days,New,old,
3306,3307,45.0,33800.0,1027.982020561613,Male,South,6.0,Clothing,70.2739488390535,2022-04-03,2022-04-30,27 days,Very New,mid,Medium
3307,3308,30.0,76700.0,1662.797455145787,Female,East,15.0,Clothing,32.0172290621358,2022-04-16,2023-04-20,369 days,New,young,High
3309,3310,31.0,110800.0,861.160495690263,Male,West,48.0,Toys,86.14923797186252,2022-08-20,2023-02-18,182 days,Very New,young,Low
3310,3311,37.0,83000.0,273.8065183922138,Female,West,40.0,Health,90.28401284526588,2021-04-27,2023-07-20,814 days,Loyal,mid,
3311,3312,35.0,100200.0,263.38532239796604,Male,South,7.0,Health,89.15732810387438,2021-12-28,2023-03-06,433 days,Regular,mid,
3312,3313,46.0,117600.0,1246.745085061746,Male,West,49.0,Health,80.87402925663275,2021-07-23,2023-01-23,549 days,Regular,mid,Medium
3313,3314,77.0,45500.0,1357.5540898677125,Male,North,45.0,Toys,81.9032020836373,2021-05-26,2022-03-02,280 days,New,Very Old,Medium
3314,3315,23.0,21900.0,1559.1183778827426,Female,North,47.0,Health,57.27679028775595,2022-03-20,2023-12-27,647 days,Loyal,young,High
3316,3317,46.0,70300.0,1298.6033986773857,Male,East,31.0,Electronics,8.677328205899492,2022-09-09,2022-11-16,68 days,Very New,mid,Medium
3317,3318,60.0,36600.0,46.76419796544572,Male,West,2.0,Toys,64.95532494062,2021-10-24,2022-07-01,250 days,New,old,
3318,3319,79.0,105200.0,341.09803973163235,Female,North,28.0,Electronics,40.1165160327027,2022-08-04,2023-07-05,335 days,New,Very Old,
3320,3321,77.0,55700.0,170.46714250534694,Female,North,13.0,Clothing,23.107762262212876,2021-08-19,2021-11-10,83 days,Very New,Very Old,
3321,3322,40.0,66400.0,1364.000680075285,Male,East,18.0,Clothing,64.9417173643192,2021-07-22,2021-08-08,17 days,Very New,mid,Medium
3323,3324,48.0,97900.0,1439.102799819931,Female,East,11.0,Toys,46.0812797975354,2022-01-30,2022-04-08,68 days,Very New,mid,Medium
3326,3327,36.0,54800.0,553.8761104540242,Male,West,29.0,Toys,87.62077263876397,2022-01-31,2022-05-11,100 days,Very New,mid,Low
3328,3329,27.0,109400.0,792.370356784823,Female,North,35.0,Clothing,86.6783777938346,2021-12-22,2023-04-17,481 days,Regular,young,Low
3329,3330,42.0,114800.0,405.2049800058243,Male,East,19.0,Health,26.2535695495924,2022-02-05,2022-08-25,201 days,Very New,mid,
3330,3331,19.0,105100.0,1468.7256055992138,Male,South,13.0,Clothing,17.233594546814057,2021-08-29,2023-02-09,529 days,Regular,young,Medium
3331,3332,79.0,21700.0,325.21209818594167,Female,South,5.0,Clothing,1.8016647620129669,2021-12-07,2022-11-04,332 days,New,Very Old,
3333,3334,67.0,105500.0,1039.0456576226184,Male,West,14.0,Health,14.747060488661193,2022-06-27,2023-03-16,262 days,New,Very Old,Medium
3334,3335,78.0,111200.0,229.28719568101536,Female,West,38.0,Health,7.885556237796953,2022-09-13,2022-10-01,18 days,Very New,Very Old,
3337,3338,32.0,26800.0,610.1539921537228,Female,East,49.0,Toys,93.73626722750438,2022-06-13,2022-06-20,7 days,Very New,young,Low
3338,3339,26.0,112100.0,856.6279728432326,Male,West,40.0,Electronics,95.98608365756688,2021-09-24,2023-11-27,794 days,Loyal,young,Low
3340,3341,36.0,46000.0,540.7911547707124,Male,West,45.0,Clothing,53.00246368249503,2021-08-08,2021-12-15,129 days,Very New,mid,Low
3341,3342,26.0,97200.0,343.94467327055014,Male,South,5.0,Home & Garden,13.083042857355242,2021-03-23,2022-09-29,555 days,Regular,young,
3344,3345,26.0,95900.0,1373.2002843667558,Female,South,49.0,Toys,85.57290841417408,2021-01-20,2022-07-24,550 days,Regular,young,Medium
3346,3347,79.0,70800.0,1013.643680260164,Female,South,28.0,Health,83.4575864994953,2021-02-06,2021-04-24,77 days,Very New,Very Old,Medium
3348,3349,68.0,60200.0,1685.8526436319755,Male,East,14.0,Clothing,46.60657843187356,2021-02-08,2021-05-12,93 days,Very New,Very Old,High
3349,3350,24.0,106700.0,1167.9375857198609,Female,West,47.0,Health,45.9199383395387,2021-04-19,2021-12-14,239 days,New,young,Medium
3351,3352,33.0,116800.0,580.1141013770031,Male,North,43.0,Toys,94.91780201157658,2021-03-05,2023-09-10,919 days,Very Old,young,Low
3352,3353,77.0,105800.0,1791.8410173969291,Male,West,11.0,Electronics,59.848610642600605,2021-06-24,2023-01-02,557 days,Regular,Very Old,High
3353,3354,50.0,88500.0,67.92796795660905,Male,North,9.0,Electronics,13.797313314069337,2021-02-01,2022-10-16,622 days,Regular,old,
3358,3359,34.0,65900.0,1186.7857411684454,Female,North,1.0,Health,21.974691662810507,2021-07-25,2022-07-07,347 days,New,mid,Medium
3361,3362,77.0,110900.0,1628.9730253945802,Female,East,9999.0,Health,50.38120907763871,2021-03-30,2023-04-27,758 days,Loyal,Very Old,High
3363,3364,46.0,75100.0,56.39435975497926,Female,North,17.0,Electronics,38.72233050701784,2021-01-11,2023-07-27,927 days,Very Old,mid,
3364,3365,69.0,70800.0,1385.484268924634,Female,West,3.0,Health,18.852211110846675,2021-02-18,2021-06-13,115 days,Very New,Very Old,Medium
3366,3367,77.0,94000.0,1259.448149557548,Male,East,37.0,Toys,80.26712203158792,2021-06-20,2022-11-22,520 days,Regular,Very Old,Medium
3367,3368,55.0,21900.0,318.07828436320494,Female,West,17.0,Clothing,89.34820383198382,2021-05-23,2022-08-01,435 days,Regular,old,
3368,3369,56.0,59600.0,948.6992923986064,Female,West,49.0,Clothing,49.30756558931449,2021-07-26,2022-09-03,404 days,New,old,Low
3369,3370,67.0,67400.0,1018.7609972056052,Male,East,38.0,Home & Garden,35.699452745925655,2022-04-08,2022-06-20,73 days,Very New,Very Old,Medium
3370,3371,54.0,99300.0,1178.4540764189678,Female,West,1.0,Electronics,80.78351365272624,2022-05-24,2023-01-31,252 days,New,old,Medium
3371,3372,69.0,90200.0,1036.0766323345174,Female,West,7.0,Home & Garden,67.30947750809278,2021-07-20,2023-06-15,695 days,Loyal,Very Old,Medium
3372,3373,79.0,45100.0,1001.4677250528534,Female,North,26.0,Electronics,4.087397748563316,2021-01-05,2023-08-29,966 days,Very Old,Very Old,Medium
3374,3375,52.0,42900.0,160.93686790981073,Female,South,39.0,Home & Garden,68.21729782360418,2021-01-29,2022-10-30,639 days,Regular,old,
3375,3376,24.0,36500.0,197.24998965774776,Male,North,19.0,Toys,57.36798202909772,2021-07-09,2021-12-15,159 days,Very New,young,
3376,3377,44.0,52500.0,878.8809833261643,Female,South,30.0,Electronics,97.80673088462224,2021-07-07,2021-09-06,61 days,Very New,mid,Low
3378,3379,39.0,116200.0,1041.9469132555057,Female,West,14.0,Toys,5.973840573126099,2022-06-09,2022-12-14,188 days,Very New,mid,Medium
3379,3380,31.0,84500.0,623.5795751274086,Male,South,13.0,Clothing,72.57690156723606,2022-01-01,2023-10-04,641 days,Loyal,young,Low
3380,3381,24.0,25900.0,1382.0619810815422,Male,West,20.0,Health,33.63266123304779,2021-06-06,2021-09-04,90 days,Very New,young,Medium
3381,3382,54.0,59600.0,1730.6305475788308,Male,West,26.0,Health,68.20827030859465,2021-03-21,2022-04-26,401 days,New,old,High
3384,3385,22.0,52800.0,250.0375370230965,Female,North,9.0,Clothing,85.2949554339555,2022-12-19,2023-10-26,311 days,New,young,
3386,3387,72.0,52100.0,898.8348624583274,Female,North,48.0,Electronics,88.95551145020065,2022-06-02,2023-03-07,278 days,New,Very Old,Low
3387,3388,19.0,51500.0,392.2711200486521,Male,East,12.0,Home & Garden,28.16037491030493,2021-08-20,2022-08-16,361 days,New,young,
3390,3391,38.0,43600.0,1117.515397578946,Female,East,34.0,Health,96.64644373617358,2021-12-10,2022-02-06,58 days,Very New,mid,Medium
3392,3393,55.0,36600.0,1473.771046348445,Male,South,19.0,Electronics,3.229365006749118,2021-07-24,2023-02-03,559 days,Regular,old,Medium
3396,3397,40.0,81700.0,447.9294767305492,Male,East,17.0,Health,72.86004799966389,2022-02-04,2023-11-17,651 days,Loyal,mid,
3397,3398,75.0,102400.0,383.14259024728455,Female,East,16.0,Health,96.4662680718336,2022-03-25,2022-08-26,154 days,Very New,Very Old,
3398,3399,73.0,40900.0,500000.0,Female,South,28.0,Clothing,78.26827605564662,2021-04-16,2023-12-28,986 days,Very Old,Very Old,VIP
3399,3400,56.0,103800.0,1638.779352498302,Male,East,21.0,Clothing,29.86284370678827,2021-03-23,2021-12-28,280 days,New,old,High
3400,3401,22.0,80400.0,1689.040986415432,Female,East,8.0,Electronics,64.13803109801697,2021-12-08,2022-10-20,316 days,New,young,High
3401,3402,18.0,45100.0,1050.5030624359783,Male,East,10.0,Home & Garden,67.22411933965523,2022-02-25,2023-12-23,666 days,Loyal,young,Medium
3402,3403,30.0,58800.0,1724.4055081197405,Male,East,10.0,Clothing,99.80205148205228,2021-02-18,2023-08-30,923 days,Very Old,young,High
3403,3404,38.0,69300.0,30.77854419954733,Male,West,10.0,Clothing,13.873791122677758,2021-07-25,2023-09-07,774 days,Loyal,mid,
3404,3405,43.0,72100.0,89.64577043256129,Female,South,9.0,Home & Garden,19.13255026904568,2021-08-06,2023-07-30,723 days,Loyal,mid,
3405,3406,67.0,88400.0,1825.4067554007504,Male,West,28.0,Home & Garden,15.551364400868897,2022-11-07,2023-06-27,232 days,New,Very Old,High
3408,3409,70.0,117500.0,1512.148060326415,Male,West,33.0,Toys,65.60077089045355,2021-08-19,2021-12-13,116 days,Very New,Very Old,High
3410,3411,54.0,36000.0,1548.7372572849445,Female,North,3.0,Electronics,43.27929242068605,2022-05-02,2023-03-20,322 days,New,old,High
3411,3412,62.0,113900.0,1687.8952409602775,Female,East,42.0,Clothing,56.06850818894642,2022-03-05,2023-04-29,420 days,New,old,High
3413,3414,53.0,86700.0,353.05796301841235,Male,West,18.0,Clothing,56.95659175775012,2021-10-11,2023-12-17,797 days,Loyal,old,
3415,3416,52.0,119800.0,406.3154636479359,Female,East,20.0,Toys,34.31937984433618,2021-10-03,2023-01-07,461 days,Regular,old,
3416,3417,66.0,108900.0,1787.370429527411,Female,North,6.0,Clothing,52.98458033394685,2022-03-09,2022-06-02,85 days,Very New,Very Old,High
3417,3418,77.0,106300.0,928.1267982005304,Male,South,34.0,Home & Garden,15.489768548958494,2021-07-04,2023-07-24,750 days,Loyal,Very Old,Low
3418,3419,28.0,89600.0,1360.4139695758363,Female,South,42.0,Electronics,61.251983535686925,2022-12-23,2023-01-16,24 days,Very New,young,Medium
3420,3421,69.0,101400.0,206.10204024487203,Female,South,30.0,Toys,65.25349649409644,2021-08-04,2022-02-24,204 days,Very New,Very Old,
3421,3422,72.0,32300.0,595.6301690889169,Male,West,9.0,Health,37.24111440144412,2021-04-07,2021-05-20,43 days,Very New,Very Old,Low
3422,3423,70.0,109900.0,1967.789070914072,Female,South,27.0,Electronics,33.17464916810625,2021-04-29,2022-12-08,588 days,Regular,Very Old,High
3423,3424,43.0,32800.0,1922.2152083062383,Male,South,42.0,Home & Garden,93.16033226072751,2021-12-31,2022-11-29,333 days,New,mid,High
3424,3425,79.0,41100.0,654.5640573579836,Male,North,34.0,Home & Garden,87.15142905786558,2022-02-07,2023-09-14,584 days,Regular,Very Old,Low
3427,3428,69.0,42700.0,1229.6998088758644,Female,West,49.0,Toys,71.04642835964525,2022-04-03,2022-05-26,53 days,Very New,Very Old,Medium
3428,3429,65.0,43900.0,99.4467481167988,Male,South,17.0,Toys,31.45024755542828,2021-11-14,2022-06-22,220 days,New,Very Old,
3430,3431,35.0,99600.0,1123.709972943353,Male,East,36.0,Clothing,31.015221230152637,2021-05-22,2023-06-16,755 days,Loyal,mid,Medium
3431,3432,57.0,100200.0,1739.5827793814838,Female,South,12.0,Electronics,43.42959821172019,2022-04-02,2023-11-28,605 days,Regular,old,High
3434,3435,46.0,111300.0,1402.384244215512,Female,West,9.0,Electronics,0.6140162664697746,2021-09-25,2021-11-04,40 days,Very New,mid,Medium
3436,3437,46.0,55800.0,685.5973103341493,Male,South,46.0,Home & Garden,61.44489423161189,2022-11-10,2023-09-24,318 days,New,mid,Low
3437,3438,55.0,89900.0,630.769040913719,Male,South,46.0,Health,18.80252377707282,2021-06-09,2023-01-20,590 days,Regular,old,Low
3438,3439,59.0,61800.0,59.6910790744781,Male,South,17.0,Health,94.3650071811184,2021-01-14,2021-10-31,290 days,New,old,
3440,3441,59.0,40400.0,1403.690667483145,Male,West,40.0,Electronics,2.5479433576306554,2021-06-04,2023-11-28,907 days,Very Old,old,Medium
3441,3442,30.0,36500.0,1710.654667179903,Male,South,5.0,Home & Garden,21.97719172648436,2021-04-11,2023-05-05,754 days,Loyal,young,High
3442,3443,66.0,54600.0,297.5275580978061,Female,South,39.0,Clothing,69.20674842711946,2022-07-26,2023-12-06,498 days,Regular,Very Old,
3443,3444,58.0,106500.0,1097.4826349740674,Female,East,48.0,Clothing,20.16198988105953,2021-02-12,2021-09-13,213 days,Very New,old,Medium
3445,3446,73.0,103900.0,208.2854224672444,Female,South,17.0,Toys,61.77062213946729,2021-11-07,2023-03-29,507 days,Regular,Very Old,
3446,3447,26.0,26400.0,127.33925352786626,Male,East,27.0,Electronics,51.8354790594183,2022-09-13,2023-08-31,352 days,New,young,
3450,3451,77.0,86500.0,514.256914732955,Female,West,23.0,Clothing,5.701754401853876,2021-06-12,2022-05-03,325 days,New,Very Old,Low
3451,3452,65.0,65900.0,1757.87166217994,Female,West,32.0,Clothing,3.8989419818228335,2021-12-17,2022-04-03,107 days,Very New,Very Old,High
3452,3453,46.0,77100.0,1630.036976960352,Female,South,43.0,Health,98.71970480276607,2021-08-22,2022-06-12,294 days,New,mid,High
3453,3454,50.0,117300.0,1916.5038306010476,Male,West,47.0,Electronics,64.48478776969539,2022-02-07,2022-08-14,188 days,Very New,old,High
3454,3455,27.0,99800.0,1769.848790606903,Female,South,18.0,Electronics,71.53705396675714,2021-12-17,2022-06-09,174 days,Very New,young,High
3455,3456,67.0,33900.0,1867.992249850368,Female,South,38.0,Clothing,9.648201973516846,2021-06-16,2022-01-05,203 days,Very New,Very Old,High
3457,3458,77.0,108400.0,1392.8961632174137,Male,West,15.0,Clothing,16.025359393577098,2021-01-28,2023-07-05,888 days,Very Old,Very Old,Medium
3458,3459,57.0,84000.0,357.1131212083632,Female,West,28.0,Toys,42.71956027974696,2021-09-16,2022-10-26,405 days,New,old,
3459,3460,38.0,103300.0,557.980887331104,Female,West,38.0,Home & Garden,11.017618273297568,2022-08-21,2022-11-21,92 days,Very New,mid,Low
3461,3462,28.0,23200.0,1215.099859563247,Male,South,9.0,Home & Garden,56.15359031013367,2022-03-18,2022-08-23,158 days,Very New,young,Medium
3464,3465,25.0,45500.0,1906.2922756681696,Male,South,19.0,Clothing,37.519519176787874,2021-07-30,2021-12-29,152 days,Very New,young,High
3465,3466,76.0,79300.0,821.6225814439258,Female,North,8.0,Home & Garden,5.332979269680016,2022-06-27,2023-07-20,388 days,New,Very Old,Low
3466,3467,39.0,43200.0,1022.5740954960085,Female,North,34.0,Toys,13.35289733121401,2022-03-21,2022-09-04,167 days,Very New,mid,Medium
3467,3468,25.0,23800.0,1943.602386472196,Male,West,4.0,Health,23.179639045595447,2022-03-29,2022-12-23,269 days,New,young,High
3470,3471,34.0,80400.0,465.9750066237877,Male,South,3.0,Electronics,13.26886118258459,2021-03-07,2023-07-29,874 days,Very Old,mid,
3471,3472,77.0,64400.0,1369.2910285420385,Female,South,35.0,Home & Garden,73.79585719093322,2022-02-09,2023-09-05,573 days,Regular,Very Old,Medium
3474,3475,62.0,59600.0,1131.72632859862,Male,West,29.0,Toys,4.372569542779781,2021-08-16,2023-02-20,553 days,Regular,old,Medium
